"../../../Engine/Content/EditorResources/S_Actor.ubulk" 0
"../../../Engine/Content/EditorResources/S_Actor.uasset" 1
"../../../Engine/Content/EditorResources/S_Actor.uexp" 2
"../../../Engine/Content/EditorResources/S_BoxReflectionCapture.uasset" 3
"../../../Engine/Content/EditorResources/S_BoxReflectionCapture.uexp" 4
"../../../Engine/Content/EngineResources/DefaultTexture.ubulk" 5
"../../../Engine/Content/EngineResources/DefaultTexture.uasset" 6
"../../../Engine/Content/EngineResources/DefaultTexture.uexp" 7
"../../../Engine/Content/EngineResources/DefaultTextureCube.uasset" 8
"../../../Engine/Content/EngineResources/DefaultTextureCube.uexp" 9
"../../../Engine/Content/EngineResources/DefaultVolumeTexture2D.uasset" 10
"../../../Engine/Content/EngineResources/DefaultVolumeTexture2D.uexp" 11
"../../../Engine/Content/EngineResources/DefaultVolumeTexture.uasset" 12
"../../../Engine/Content/EngineResources/DefaultVolumeTexture.uexp" 13
"../../../Engine/Content/EditorResources/S_Trigger.ubulk" 14
"../../../Engine/Content/EditorResources/S_Trigger.uasset" 15
"../../../Engine/Content/EditorResources/S_Trigger.uexp" 16
"../../../Engine/Content/EditorResources/S_TriggerBox.uasset" 17
"../../../Engine/Content/EditorResources/S_TriggerBox.uexp" 18
"../../../Engine/Content/EditorResources/S_TriggerCapsule.uasset" 19
"../../../Engine/Content/EditorResources/S_TriggerCapsule.uexp" 20
"../../../Engine/Content/EditorResources/S_TriggerSphere.uasset" 21
"../../../Engine/Content/EditorResources/S_TriggerSphere.uexp" 22
"../../../Engine/Content/EngineMeshes/Sphere.ubulk" 23
"../../../Engine/Content/EngineMeshes/Sphere.uasset" 24
"../../../Engine/Content/EngineMeshes/Sphere.uexp" 25
"../../../Engine/Content/EngineResources/GradientTexture0.uasset" 26
"../../../Engine/Content/EngineResources/GradientTexture0.uexp" 27
"../../../Engine/Content/EngineResources/Black.uasset" 28
"../../../Engine/Content/EngineResources/Black.uexp" 29
"../../../Engine/Content/VREditor/LaserPointer/VR_LaserPower_01.ubulk" 30
"../../../Engine/Content/VREditor/LaserPointer/VR_LaserPower_01.uasset" 31
"../../../Engine/Content/VREditor/LaserPointer/VR_LaserPower_01.uexp" 32
"../../../Engine/Content/VREditor/TransformGizmo/TransformGizmoMaterial.uasset" 33
"../../../Engine/Content/VREditor/TransformGizmo/TransformGizmoMaterial.uexp" 34
"../../../Engine/Content/VREditor/TransformGizmo/TranslucentTransformGizmoMaterial.uasset" 35
"../../../Engine/Content/VREditor/TransformGizmo/TranslucentTransformGizmoMaterial.uexp" 36
"../../../Engine/Content/VREditor/TransformGizmo/BoundingBoxCorner.ubulk" 37
"../../../Engine/Content/VREditor/TransformGizmo/BoundingBoxCorner.uasset" 38
"../../../Engine/Content/VREditor/TransformGizmo/BoundingBoxCorner.uexp" 39
"../../../Engine/Content/VREditor/TransformGizmo/BoundingBoxEdge.ubulk" 40
"../../../Engine/Content/VREditor/TransformGizmo/BoundingBoxEdge.uasset" 41
"../../../Engine/Content/VREditor/TransformGizmo/BoundingBoxEdge.uexp" 42
"../../../Engine/Content/VREditor/TransformGizmo/Main.uasset" 43
"../../../Engine/Content/VREditor/TransformGizmo/Main.uexp" 44
"../../../Engine/Content/VREditor/TransformGizmo/Xray.uasset" 45
"../../../Engine/Content/VREditor/TransformGizmo/Xray.uexp" 46
"../../../Engine/Content/VREditor/TransformGizmo/SM_Sequencer_Node.ubulk" 47
"../../../Engine/Content/VREditor/TransformGizmo/SM_Sequencer_Node.uasset" 48
"../../../Engine/Content/VREditor/TransformGizmo/SM_Sequencer_Node.uexp" 49
"../../../Engine/Content/EditorResources/S_Solver.ubulk" 50
"../../../Engine/Content/EditorResources/S_Solver.uasset" 51
"../../../Engine/Content/EditorResources/S_Solver.uexp" 52
"../../../Engine/Content/EditorMaterials/Camera/CineMat.uasset" 53
"../../../Engine/Content/EditorMaterials/Camera/CineMat.uexp" 54
"../../../Engine/Content/EditorMaterials/Camera/MI_CineMat_Rig.uasset" 55
"../../../Engine/Content/EditorMaterials/Camera/MI_CineMat_Rig.uexp" 56
"../../../Engine/Content/EditorMeshes/Camera/SM_CraneRig_Base.ubulk" 57
"../../../Engine/Content/EditorMeshes/Camera/SM_CraneRig_Base.uasset" 58
"../../../Engine/Content/EditorMeshes/Camera/SM_CraneRig_Base.uexp" 59
"../../../Engine/Content/EditorMeshes/Camera/SM_CraneRig_Arm.ubulk" 60
"../../../Engine/Content/EditorMeshes/Camera/SM_CraneRig_Arm.uasset" 61
"../../../Engine/Content/EditorMeshes/Camera/SM_CraneRig_Arm.uexp" 62
"../../../Engine/Content/EditorMeshes/Camera/SM_CraneRig_Mount.ubulk" 63
"../../../Engine/Content/EditorMeshes/Camera/SM_CraneRig_Mount.uasset" 64
"../../../Engine/Content/EditorMeshes/Camera/SM_CraneRig_Mount.uexp" 65
"../../../Engine/Content/EditorMeshes/Camera/SM_CraneRig_Body.ubulk" 66
"../../../Engine/Content/EditorMeshes/Camera/SM_CraneRig_Body.uasset" 67
"../../../Engine/Content/EditorMeshes/Camera/SM_CraneRig_Body.uexp" 68
"../../../Engine/Content/EditorMeshes/Camera/SM_RailRig_Track.ubulk" 69
"../../../Engine/Content/EditorMeshes/Camera/SM_RailRig_Track.uasset" 70
"../../../Engine/Content/EditorMeshes/Camera/SM_RailRig_Track.uexp" 71
"../../../Engine/Content/EditorMeshes/Camera/SM_RailRig_Mount.ubulk" 72
"../../../Engine/Content/EditorMeshes/Camera/SM_RailRig_Mount.uasset" 73
"../../../Engine/Content/EditorMeshes/Camera/SM_RailRig_Mount.uexp" 74
"../../../Engine/Content/EngineMaterials/T_Default_Material_Grid_M.ubulk" 75
"../../../Engine/Content/EngineMaterials/T_Default_Material_Grid_M.uasset" 76
"../../../Engine/Content/EngineMaterials/T_Default_Material_Grid_M.uexp" 77
"../../../Engine/Content/EngineMaterials/T_Default_Material_Grid_N.ubulk" 78
"../../../Engine/Content/EngineMaterials/T_Default_Material_Grid_N.uasset" 79
"../../../Engine/Content/EngineMaterials/T_Default_Material_Grid_N.uexp" 80
"../../../Engine/Content/Functions/Engine_MaterialFunctions01/Opacity/CameraDepthFade.uasset" 81
"../../../Engine/Content/Functions/Engine_MaterialFunctions01/Opacity/CameraDepthFade.uexp" 82
"../../../Engine/Content/EngineMaterials/WorldGridMaterial.uasset" 83
"../../../Engine/Content/EngineMaterials/WorldGridMaterial.uexp" 84
"../../../Engine/Content/ArtTools/RenderToTexture/Meshes/S_1_Unit_Plane.ubulk" 85
"../../../Engine/Content/ArtTools/RenderToTexture/Meshes/S_1_Unit_Plane.uasset" 86
"../../../Engine/Content/ArtTools/RenderToTexture/Meshes/S_1_Unit_Plane.uexp" 87
"../../../Engine/Content/EditorMaterials/ParticleSystems/PSysThumbnail_NoImage.ubulk" 88
"../../../Engine/Content/EditorMaterials/ParticleSystems/PSysThumbnail_NoImage.uasset" 89
"../../../Engine/Content/EditorMaterials/ParticleSystems/PSysThumbnail_NoImage.uexp" 90
"../../../Engine/Content/EditorMaterials/ParticleSystems/PSysThumbnail_OOD.ubulk" 91
"../../../Engine/Content/EditorMaterials/ParticleSystems/PSysThumbnail_OOD.uasset" 92
"../../../Engine/Content/EditorMaterials/ParticleSystems/PSysThumbnail_OOD.uexp" 93
"../../../Engine/Content/EditorLandscapeResources/SplineEditorMeshMat.uasset" 94
"../../../Engine/Content/EditorLandscapeResources/SplineEditorMeshMat.uexp" 95
"../../../Engine/Content/EditorLandscapeResources/SplineEditorMesh.ubulk" 96
"../../../Engine/Content/EditorLandscapeResources/SplineEditorMesh.uasset" 97
"../../../Engine/Content/EditorLandscapeResources/SplineEditorMesh.uexp" 98
"../../../Engine/Plugins/Media/MediaPlate/Content/SM_MediaPlateScreen.ubulk" 99
"../../../Engine/Plugins/Media/MediaPlate/Content/SM_MediaPlateScreen.uasset" 100
"../../../Engine/Plugins/Media/MediaPlate/Content/SM_MediaPlateScreen.uexp" 101
"../../../Engine/Content/EngineMaterials/DefaultBokeh.uasset" 102
"../../../Engine/Content/EngineMaterials/DefaultBokeh.uexp" 103
"../../../Engine/Content/EngineMaterials/MiniFont.uasset" 104
"../../../Engine/Content/EngineMaterials/MiniFont.uexp" 105
"../../../Engine/Content/EngineMaterials/WeightMapPlaceholderTexture.uasset" 106
"../../../Engine/Content/EngineMaterials/WeightMapPlaceholderTexture.uexp" 107
"../../../Engine/Content/EngineMaterials/WeightMapArrayPlaceholderTexture.uasset" 108
"../../../Engine/Content/EngineMaterials/WeightMapArrayPlaceholderTexture.uexp" 109
"../../../Engine/Content/EngineMaterials/DefaultWhiteGrid.ubulk" 110
"../../../Engine/Content/EngineMaterials/DefaultWhiteGrid.uasset" 111
"../../../Engine/Content/EngineMaterials/DefaultWhiteGrid.uexp" 112
"../../../Engine/Content/EngineMaterials/PreintegratedSkinBRDF.uasset" 113
"../../../Engine/Content/EngineMaterials/PreintegratedSkinBRDF.uexp" 114
"../../../Engine/Content/Functions/Engine_MaterialFunctions02/WorldPositionOffset/CameraOffset.uasset" 115
"../../../Engine/Content/Functions/Engine_MaterialFunctions02/WorldPositionOffset/CameraOffset.uexp" 116
"../../../Engine/Plugins/Animation/ControlRig/Content/M_Manip.uasset" 117
"../../../Engine/Plugins/Animation/ControlRig/Content/M_Manip.uexp" 118
"../../../Engine/Plugins/Animation/ACLPlugin/Content/ACLAnimCurveCompressionSettings.uasset" 119
"../../../Engine/Plugins/Animation/ACLPlugin/Content/ACLAnimCurveCompressionSettings.uexp" 120
"../../../Engine/Plugins/Animation/ACLPlugin/Content/ACLAnimBoneCompressionSettings.uasset" 121
"../../../Engine/Plugins/Animation/ACLPlugin/Content/ACLAnimBoneCompressionSettings.uexp" 122
"../../../Engine/Plugins/2D/Paper2D/Content/PlaceholderTextures/DummySpriteTexture.ubulk" 123
"../../../Engine/Plugins/2D/Paper2D/Content/PlaceholderTextures/DummySpriteTexture.uasset" 124
"../../../Engine/Plugins/2D/Paper2D/Content/PlaceholderTextures/DummySpriteTexture.uexp" 125
"../../../Engine/Plugins/2D/Paper2D/Content/DefaultSpriteMaterial.uasset" 126
"../../../Engine/Plugins/2D/Paper2D/Content/DefaultSpriteMaterial.uexp" 127
"../../../Engine/Plugins/2D/Paper2D/Content/OpaqueUnlitSpriteMaterial.uasset" 128
"../../../Engine/Plugins/2D/Paper2D/Content/OpaqueUnlitSpriteMaterial.uexp" 129
"../../../Engine/Plugins/2D/Paper2D/Content/MaskedUnlitSpriteMaterial.uasset" 130
"../../../Engine/Plugins/2D/Paper2D/Content/MaskedUnlitSpriteMaterial.uexp" 131
"../../../Engine/Plugins/2D/Paper2D/Content/DummySprite.uasset" 132
"../../../Engine/Plugins/2D/Paper2D/Content/DummySprite.uexp" 133
"../../../Engine/Plugins/2D/Paper2D/Content/DefaultPaperTerrainMaterial.uasset" 134
"../../../Engine/Plugins/2D/Paper2D/Content/DefaultPaperTerrainMaterial.uexp" 135
"../../../Engine/Content/EditorMaterials/PreviewShadowIndicator.ubulk" 136
"../../../Engine/Content/EditorMaterials/PreviewShadowIndicator.uasset" 137
"../../../Engine/Content/EditorMaterials/PreviewShadowIndicator.uexp" 138
"../../../Engine/Content/EditorMaterials/PreviewShadowIndicatorMaterial.uasset" 139
"../../../Engine/Content/EditorMaterials/PreviewShadowIndicatorMaterial.uexp" 140
"../../../Engine/Content/EditorMaterials/PhAT_UnselectedMaterial.uasset" 141
"../../../Engine/Content/EditorMaterials/PhAT_UnselectedMaterial.uexp" 142
"../../../Engine/Content/EditorMaterials/PhAT_NoCollisionMaterial.uasset" 143
"../../../Engine/Content/EditorMaterials/PhAT_NoCollisionMaterial.uexp" 144
"../../../Engine/Content/EditorLandscapeResources/DefaultAlphaTexture.uasset" 145
"../../../Engine/Content/EditorLandscapeResources/DefaultAlphaTexture.uexp" 146
"../../../Engine/Content/EditorLandscapeResources/DataLayer.uasset" 147
"../../../Engine/Content/EditorLandscapeResources/DataLayer.uexp" 148
"../../../Engine/Content/EngineMaterials/DefaultMaterial.uasset" 149
"../../../Engine/Content/EngineMaterials/DefaultMaterial.uexp" 150
"../../../Engine/Content/BasicShapes/Sphere.ubulk" 151
"../../../Engine/Content/BasicShapes/Sphere.uasset" 152
"../../../Engine/Content/BasicShapes/Sphere.uexp" 153
"../../../Engine/Content/BasicShapes/Plane.ubulk" 154
"../../../Engine/Content/BasicShapes/Plane.uasset" 155
"../../../Engine/Content/BasicShapes/Plane.uexp" 156
"../../../Engine/Content/BasicShapes/Cylinder.ubulk" 157
"../../../Engine/Content/BasicShapes/Cylinder.uasset" 158
"../../../Engine/Content/BasicShapes/Cylinder.uexp" 159
"../../../Engine/Content/BasicShapes/Cone.ubulk" 160
"../../../Engine/Content/BasicShapes/Cone.uasset" 161
"../../../Engine/Content/BasicShapes/Cone.uexp" 162
"../../../Engine/Content/Animation/DefaultVariableFrameStrippingSettings.uasset" 163
"../../../Engine/Content/Animation/DefaultVariableFrameStrippingSettings.uexp" 164
"../../../Engine/Content/Animation/DefaultRecorderBoneCompression.uasset" 165
"../../../Engine/Content/Animation/DefaultRecorderBoneCompression.uexp" 166
"../../../Engine/Plugins/Editor/SpeedTreeImporter/Content/SpeedTree9/game_wind_noise.ubulk" 167
"../../../Engine/Plugins/Editor/SpeedTreeImporter/Content/SpeedTree9/game_wind_noise.uasset" 168
"../../../Engine/Plugins/Editor/SpeedTreeImporter/Content/SpeedTree9/game_wind_noise.uexp" 169
"../../../Engine/Plugins/Editor/SpeedTreeImporter/Content/SpeedTree9/UnpackDirection.uasset" 170
"../../../Engine/Plugins/Editor/SpeedTreeImporter/Content/SpeedTree9/UnpackDirection.uexp" 171
"../../../Engine/Content/Functions/Engine_MaterialFunctions02/ObjectLocalBounds.uasset" 172
"../../../Engine/Content/Functions/Engine_MaterialFunctions02/ObjectLocalBounds.uexp" 173
"../../../Engine/Content/Functions/Engine_MaterialFunctions02/Utility/BreakOutFloat3Components.uasset" 174
"../../../Engine/Content/Functions/Engine_MaterialFunctions02/Utility/BreakOutFloat3Components.uexp" 175
"../../../Engine/Content/Functions/Engine_MaterialFunctions02/UVs/BoundingBoxBased_0-1_UVW.uasset" 176
"../../../Engine/Content/Functions/Engine_MaterialFunctions02/UVs/BoundingBoxBased_0-1_UVW.uexp" 177
"../../../Engine/Content/Functions/Engine_MaterialFunctions02/Utility/VectorLength.uasset" 178
"../../../Engine/Content/Functions/Engine_MaterialFunctions02/Utility/VectorLength.uexp" 179
"../../../Engine/Plugins/Editor/SpeedTreeImporter/Content/SpeedTree9/UnpackInteger3.uasset" 180
"../../../Engine/Plugins/Editor/SpeedTreeImporter/Content/SpeedTree9/UnpackInteger3.uexp" 181
"../../../Engine/Plugins/Editor/SpeedTreeImporter/Content/SpeedTree9/SpeedTreeCameraFacing.uasset" 182
"../../../Engine/Plugins/Editor/SpeedTreeImporter/Content/SpeedTree9/SpeedTreeCameraFacing.uexp" 183
"../../../Engine/Content/Functions/Engine_MaterialFunctions02/WorldPositionOffset/ObjectScale.uasset" 184
"../../../Engine/Content/Functions/Engine_MaterialFunctions02/WorldPositionOffset/ObjectScale.uexp" 185
"../../../Engine/Content/Functions/Engine_MaterialFunctions02/SafeNormalize.uasset" 186
"../../../Engine/Content/Functions/Engine_MaterialFunctions02/SafeNormalize.uexp" 187
"../../../Engine/Plugins/Editor/SpeedTreeImporter/Content/SpeedTree9/SpeedTreeWindMotion.uasset" 188
"../../../Engine/Plugins/Editor/SpeedTreeImporter/Content/SpeedTree9/SpeedTreeWindMotion.uexp" 189
"../../../Engine/Plugins/Editor/SpeedTreeImporter/Content/SpeedTree9/SpeedTreeBranchMotion.uasset" 190
"../../../Engine/Plugins/Editor/SpeedTreeImporter/Content/SpeedTree9/SpeedTreeBranchMotion.uexp" 191
"../../../Engine/Plugins/Editor/SpeedTreeImporter/Content/SpeedTree9/SpeedTreeWind.uasset" 192
"../../../Engine/Plugins/Editor/SpeedTreeImporter/Content/SpeedTree9/SpeedTreeWind.uexp" 193
"../../../Engine/Plugins/Editor/SpeedTreeImporter/Content/SpeedTree9/EmptyNormal.uasset" 194
"../../../Engine/Plugins/Editor/SpeedTreeImporter/Content/SpeedTree9/EmptyNormal.uexp" 195
"../../../Engine/Plugins/Editor/SpeedTreeImporter/Content/SpeedTree9/Empty.uasset" 196
"../../../Engine/Plugins/Editor/SpeedTreeImporter/Content/SpeedTree9/Empty.uexp" 197
"../../../Engine/Plugins/Editor/SpeedTreeImporter/Content/SpeedTree9/SpeedTreeMaster.uasset" 198
"../../../Engine/Plugins/Editor/SpeedTreeImporter/Content/SpeedTree9/SpeedTreeMaster.uexp" 199
"../../../Engine/Plugins/Editor/SpeedTreeImporter/Content/SpeedTree9/SpeedTreeBillboard.uasset" 200
"../../../Engine/Plugins/Editor/SpeedTreeImporter/Content/SpeedTree9/SpeedTreeBillboard.uexp" 201
"../../../Engine/Plugins/Editor/SpeedTreeImporter/Content/SpeedTree9/SpeedTreeBillboardMaster.uasset" 202
"../../../Engine/Plugins/Editor/SpeedTreeImporter/Content/SpeedTree9/SpeedTreeBillboardMaster.uexp" 203
"../../../Engine/Plugins/Animation/ControlRig/Content/Controls/DefaultGizmoLibraryNormalized.uasset" 204
"../../../Engine/Plugins/Animation/ControlRig/Content/Controls/DefaultGizmoLibraryNormalized.uexp" 205
"../../../Engine/Plugins/Animation/ControlRig/Content/Controls/ControlRig_Wedge_solid.ubulk" 206
"../../../Engine/Plugins/Animation/ControlRig/Content/Controls/ControlRig_Wedge_solid.uasset" 207
"../../../Engine/Plugins/Animation/ControlRig/Content/Controls/ControlRig_Wedge_solid.uexp" 208
"../../../Engine/Plugins/Animation/ControlRig/Content/Controls/ControlRig_Wedge_3mm.ubulk" 209
"../../../Engine/Plugins/Animation/ControlRig/Content/Controls/ControlRig_Wedge_3mm.uasset" 210
"../../../Engine/Plugins/Animation/ControlRig/Content/Controls/ControlRig_Wedge_3mm.uexp" 211
"../../../Engine/Plugins/Animation/ControlRig/Content/Controls/ControlRig_Wedge_1mm.ubulk" 212
"../../../Engine/Plugins/Animation/ControlRig/Content/Controls/ControlRig_Wedge_1mm.uasset" 213
"../../../Engine/Plugins/Animation/ControlRig/Content/Controls/ControlRig_Wedge_1mm.uexp" 214
"../../../Engine/Plugins/Animation/ControlRig/Content/Controls/ControlRig_Triangle_solid.ubulk" 215
"../../../Engine/Plugins/Animation/ControlRig/Content/Controls/ControlRig_Triangle_solid.uasset" 216
"../../../Engine/Plugins/Animation/ControlRig/Content/Controls/ControlRig_Triangle_solid.uexp" 217
"../../../Engine/Plugins/Animation/ControlRig/Content/Controls/ControlRig_Triangle_3mm.ubulk" 218
"../../../Engine/Plugins/Animation/ControlRig/Content/Controls/ControlRig_Triangle_3mm.uasset" 219
"../../../Engine/Plugins/Animation/ControlRig/Content/Controls/ControlRig_Triangle_3mm.uexp" 220
"../../../Engine/Plugins/Animation/ControlRig/Content/Controls/ControlRig_Triangle_1mm.ubulk" 221
"../../../Engine/Plugins/Animation/ControlRig/Content/Controls/ControlRig_Triangle_1mm.uasset" 222
"../../../Engine/Plugins/Animation/ControlRig/Content/Controls/ControlRig_Triangle_1mm.uexp" 223
"../../../Engine/Plugins/Animation/ControlRig/Content/Controls/ControlRig_Star4_solid.ubulk" 224
"../../../Engine/Plugins/Animation/ControlRig/Content/Controls/ControlRig_Star4_solid.uasset" 225
"../../../Engine/Plugins/Animation/ControlRig/Content/Controls/ControlRig_Star4_solid.uexp" 226
"../../../Engine/Plugins/Animation/ControlRig/Content/Controls/ControlRig_Star4_3mm.ubulk" 227
"../../../Engine/Plugins/Animation/ControlRig/Content/Controls/ControlRig_Star4_3mm.uasset" 228
"../../../Engine/Plugins/Animation/ControlRig/Content/Controls/ControlRig_Star4_3mm.uexp" 229
"../../../Engine/Plugins/Animation/ControlRig/Content/Controls/ControlRig_Star4_1mm.ubulk" 230
"../../../Engine/Plugins/Animation/ControlRig/Content/Controls/ControlRig_Star4_1mm.uasset" 231
"../../../Engine/Plugins/Animation/ControlRig/Content/Controls/ControlRig_Star4_1mm.uexp" 232
"../../../Engine/Plugins/Animation/ControlRig/Content/Controls/ControlRig_Square_solid.ubulk" 233
"../../../Engine/Plugins/Animation/ControlRig/Content/Controls/ControlRig_Square_solid.uasset" 234
"../../../Engine/Plugins/Animation/ControlRig/Content/Controls/ControlRig_Square_solid.uexp" 235
"../../../Engine/Plugins/Animation/ControlRig/Content/Controls/ControlRig_Square_3mm.ubulk" 236
"../../../Engine/Plugins/Animation/ControlRig/Content/Controls/ControlRig_Square_3mm.uasset" 237
"../../../Engine/Plugins/Animation/ControlRig/Content/Controls/ControlRig_Square_3mm.uexp" 238
"../../../Engine/Plugins/Animation/ControlRig/Content/Controls/ControlRig_Square_1mm.ubulk" 239
"../../../Engine/Plugins/Animation/ControlRig/Content/Controls/ControlRig_Square_1mm.uasset" 240
"../../../Engine/Plugins/Animation/ControlRig/Content/Controls/ControlRig_Square_1mm.uexp" 241
"../../../Engine/Plugins/Animation/ControlRig/Content/Controls/ControlRig_Sphere_solid.ubulk" 242
"../../../Engine/Plugins/Animation/ControlRig/Content/Controls/ControlRig_Sphere_solid.uasset" 243
"../../../Engine/Plugins/Animation/ControlRig/Content/Controls/ControlRig_Sphere_solid.uexp" 244
"../../../Engine/Plugins/Animation/ControlRig/Content/Controls/ControlRig_Sphere_3mm.ubulk" 245
"../../../Engine/Plugins/Animation/ControlRig/Content/Controls/ControlRig_Sphere_3mm.uasset" 246
"../../../Engine/Plugins/Animation/ControlRig/Content/Controls/ControlRig_Sphere_3mm.uexp" 247
"../../../Engine/Plugins/Animation/ControlRig/Content/Controls/ControlRig_Sphere_1mm.ubulk" 248
"../../../Engine/Plugins/Animation/ControlRig/Content/Controls/ControlRig_Sphere_1mm.uasset" 249
"../../../Engine/Plugins/Animation/ControlRig/Content/Controls/ControlRig_Sphere_1mm.uexp" 250
"../../../Engine/Plugins/Animation/ControlRig/Content/Controls/ControlRig_RoundedTriangle_solid.ubulk" 251
"../../../Engine/Plugins/Animation/ControlRig/Content/Controls/ControlRig_RoundedTriangle_solid.uasset" 252
"../../../Engine/Plugins/Animation/ControlRig/Content/Controls/ControlRig_RoundedTriangle_solid.uexp" 253
"../../../Engine/Plugins/Animation/ControlRig/Content/Controls/ControlRig_RoundedTriangle_3mm.ubulk" 254
"../../../Engine/Plugins/Animation/ControlRig/Content/Controls/ControlRig_RoundedTriangle_3mm.uasset" 255
"../../../Engine/Plugins/Animation/ControlRig/Content/Controls/ControlRig_RoundedTriangle_3mm.uexp" 256
"../../../Engine/Plugins/Animation/ControlRig/Content/Controls/ControlRig_RoundedTriangle_1mm.ubulk" 257
"../../../Engine/Plugins/Animation/ControlRig/Content/Controls/ControlRig_RoundedTriangle_1mm.uasset" 258
"../../../Engine/Plugins/Animation/ControlRig/Content/Controls/ControlRig_RoundedTriangle_1mm.uexp" 259
"../../../Engine/Plugins/Animation/ControlRig/Content/Controls/ControlRig_RoundedSquare_solid.ubulk" 260
"../../../Engine/Plugins/Animation/ControlRig/Content/Controls/ControlRig_RoundedSquare_solid.uasset" 261
"../../../Engine/Plugins/Animation/ControlRig/Content/Controls/ControlRig_RoundedSquare_solid.uexp" 262
"../../../Engine/Plugins/Animation/ControlRig/Content/Controls/ControlRig_RoundedSquare_3mm.ubulk" 263
"../../../Engine/Plugins/Animation/ControlRig/Content/Controls/ControlRig_RoundedSquare_3mm.uasset" 264
"../../../Engine/Plugins/Animation/ControlRig/Content/Controls/ControlRig_RoundedSquare_3mm.uexp" 265
"../../../Engine/Plugins/Animation/ControlRig/Content/Controls/ControlRig_RoundedSquare_1mm.ubulk" 266
"../../../Engine/Plugins/Animation/ControlRig/Content/Controls/ControlRig_RoundedSquare_1mm.uasset" 267
"../../../Engine/Plugins/Animation/ControlRig/Content/Controls/ControlRig_RoundedSquare_1mm.uexp" 268
"../../../Engine/Plugins/Animation/ControlRig/Content/Controls/ControlRig_QuarterCircle_solid.ubulk" 269
"../../../Engine/Plugins/Animation/ControlRig/Content/Controls/ControlRig_QuarterCircle_solid.uasset" 270
"../../../Engine/Plugins/Animation/ControlRig/Content/Controls/ControlRig_QuarterCircle_solid.uexp" 271
"../../../Engine/Plugins/Animation/ControlRig/Content/Controls/ControlRig_QuarterCircle_3mm.ubulk" 272
"../../../Engine/Plugins/Animation/ControlRig/Content/Controls/ControlRig_QuarterCircle_3mm.uasset" 273
"../../../Engine/Plugins/Animation/ControlRig/Content/Controls/ControlRig_QuarterCircle_3mm.uexp" 274
"../../../Engine/Plugins/Animation/ControlRig/Content/Controls/ControlRig_QuarterCircle_1mm.ubulk" 275
"../../../Engine/Plugins/Animation/ControlRig/Content/Controls/ControlRig_QuarterCircle_1mm.uasset" 276
"../../../Engine/Plugins/Animation/ControlRig/Content/Controls/ControlRig_QuarterCircle_1mm.uexp" 277
"../../../Engine/Plugins/Animation/ControlRig/Content/Controls/ControlRig_Pyramid_solid.ubulk" 278
"../../../Engine/Plugins/Animation/ControlRig/Content/Controls/ControlRig_Pyramid_solid.uasset" 279
"../../../Engine/Plugins/Animation/ControlRig/Content/Controls/ControlRig_Pyramid_solid.uexp" 280
"../../../Engine/Plugins/Animation/ControlRig/Content/Controls/ControlRig_Pyramid_3mm.ubulk" 281
"../../../Engine/Plugins/Animation/ControlRig/Content/Controls/ControlRig_Pyramid_3mm.uasset" 282
"../../../Engine/Plugins/Animation/ControlRig/Content/Controls/ControlRig_Pyramid_3mm.uexp" 283
"../../../Engine/Plugins/Animation/ControlRig/Content/Controls/ControlRig_Pyramid_1mm.ubulk" 284
"../../../Engine/Plugins/Animation/ControlRig/Content/Controls/ControlRig_Pyramid_1mm.uasset" 285
"../../../Engine/Plugins/Animation/ControlRig/Content/Controls/ControlRig_Pyramid_1mm.uexp" 286
"../../../Engine/Plugins/Animation/ControlRig/Content/Controls/ControlRig_Octagon_solid.ubulk" 287
"../../../Engine/Plugins/Animation/ControlRig/Content/Controls/ControlRig_Octagon_solid.uasset" 288
"../../../Engine/Plugins/Animation/ControlRig/Content/Controls/ControlRig_Octagon_solid.uexp" 289
"../../../Engine/Plugins/Animation/ControlRig/Content/Controls/ControlRig_Octagon_3mm.ubulk" 290
"../../../Engine/Plugins/Animation/ControlRig/Content/Controls/ControlRig_Octagon_3mm.uasset" 291
"../../../Engine/Plugins/Animation/ControlRig/Content/Controls/ControlRig_Octagon_3mm.uexp" 292
"../../../Engine/Plugins/Animation/ControlRig/Content/Controls/ControlRig_Octagon_1mm.ubulk" 293
"../../../Engine/Plugins/Animation/ControlRig/Content/Controls/ControlRig_Octagon_1mm.uasset" 294
"../../../Engine/Plugins/Animation/ControlRig/Content/Controls/ControlRig_Octagon_1mm.uexp" 295
"../../../Engine/Plugins/Animation/ControlRig/Content/Controls/ControlRig_Hexagon_solid.ubulk" 296
"../../../Engine/Plugins/Animation/ControlRig/Content/Controls/ControlRig_Hexagon_solid.uasset" 297
"../../../Engine/Plugins/Animation/ControlRig/Content/Controls/ControlRig_Hexagon_solid.uexp" 298
"../../../Engine/Plugins/Animation/ControlRig/Content/Controls/ControlRig_Hexagon_3mm.ubulk" 299
"../../../Engine/Plugins/Animation/ControlRig/Content/Controls/ControlRig_Hexagon_3mm.uasset" 300
"../../../Engine/Plugins/Animation/ControlRig/Content/Controls/ControlRig_Hexagon_3mm.uexp" 301
"../../../Engine/Plugins/Animation/ControlRig/Content/Controls/ControlRig_Hexagon_1mm.ubulk" 302
"../../../Engine/Plugins/Animation/ControlRig/Content/Controls/ControlRig_Hexagon_1mm.uasset" 303
"../../../Engine/Plugins/Animation/ControlRig/Content/Controls/ControlRig_Hexagon_1mm.uexp" 304
"../../../Engine/Plugins/Animation/ControlRig/Content/Controls/ControlRig_HalfCircle_solid.ubulk" 305
"../../../Engine/Plugins/Animation/ControlRig/Content/Controls/ControlRig_HalfCircle_solid.uasset" 306
"../../../Engine/Plugins/Animation/ControlRig/Content/Controls/ControlRig_HalfCircle_solid.uexp" 307
"../../../Engine/Plugins/Animation/ControlRig/Content/Controls/ControlRig_HalfCircle_3mm.ubulk" 308
"../../../Engine/Plugins/Animation/ControlRig/Content/Controls/ControlRig_HalfCircle_3mm.uasset" 309
"../../../Engine/Plugins/Animation/ControlRig/Content/Controls/ControlRig_HalfCircle_3mm.uexp" 310
"../../../Engine/Plugins/Animation/ControlRig/Content/Controls/ControlRig_HalfCircle_1mm.ubulk" 311
"../../../Engine/Plugins/Animation/ControlRig/Content/Controls/ControlRig_HalfCircle_1mm.uasset" 312
"../../../Engine/Plugins/Animation/ControlRig/Content/Controls/ControlRig_HalfCircle_1mm.uexp" 313
"../../../Engine/Plugins/Animation/ControlRig/Content/Controls/ControlRig_Diamond_solid.ubulk" 314
"../../../Engine/Plugins/Animation/ControlRig/Content/Controls/ControlRig_Diamond_solid.uasset" 315
"../../../Engine/Plugins/Animation/ControlRig/Content/Controls/ControlRig_Diamond_solid.uexp" 316
"../../../Engine/Plugins/Animation/ControlRig/Content/Controls/ControlRig_Diamond_3mm.ubulk" 317
"../../../Engine/Plugins/Animation/ControlRig/Content/Controls/ControlRig_Diamond_3mm.uasset" 318
"../../../Engine/Plugins/Animation/ControlRig/Content/Controls/ControlRig_Diamond_3mm.uexp" 319
"../../../Engine/Plugins/Animation/ControlRig/Content/Controls/ControlRig_Diamond_1mm.ubulk" 320
"../../../Engine/Plugins/Animation/ControlRig/Content/Controls/ControlRig_Diamond_1mm.uasset" 321
"../../../Engine/Plugins/Animation/ControlRig/Content/Controls/ControlRig_Diamond_1mm.uexp" 322
"../../../Engine/Plugins/Animation/ControlRig/Content/Controls/ControlRig_Circle_solid.ubulk" 323
"../../../Engine/Plugins/Animation/ControlRig/Content/Controls/ControlRig_Circle_solid.uasset" 324
"../../../Engine/Plugins/Animation/ControlRig/Content/Controls/ControlRig_Circle_solid.uexp" 325
"../../../Engine/Plugins/Animation/ControlRig/Content/Controls/ControlRig_Circle_3mm.ubulk" 326
"../../../Engine/Plugins/Animation/ControlRig/Content/Controls/ControlRig_Circle_3mm.uasset" 327
"../../../Engine/Plugins/Animation/ControlRig/Content/Controls/ControlRig_Circle_3mm.uexp" 328
"../../../Engine/Plugins/Animation/ControlRig/Content/Controls/ControlRig_Circle_1mm.ubulk" 329
"../../../Engine/Plugins/Animation/ControlRig/Content/Controls/ControlRig_Circle_1mm.uasset" 330
"../../../Engine/Plugins/Animation/ControlRig/Content/Controls/ControlRig_Circle_1mm.uexp" 331
"../../../Engine/Plugins/Animation/ControlRig/Content/Controls/ControlRig_Box_solid.ubulk" 332
"../../../Engine/Plugins/Animation/ControlRig/Content/Controls/ControlRig_Box_solid.uasset" 333
"../../../Engine/Plugins/Animation/ControlRig/Content/Controls/ControlRig_Box_solid.uexp" 334
"../../../Engine/Plugins/Animation/ControlRig/Content/Controls/ControlRig_Box_3mm.ubulk" 335
"../../../Engine/Plugins/Animation/ControlRig/Content/Controls/ControlRig_Box_3mm.uasset" 336
"../../../Engine/Plugins/Animation/ControlRig/Content/Controls/ControlRig_Box_3mm.uexp" 337
"../../../Engine/Plugins/Animation/ControlRig/Content/Controls/ControlRig_Box_1mm.ubulk" 338
"../../../Engine/Plugins/Animation/ControlRig/Content/Controls/ControlRig_Box_1mm.uasset" 339
"../../../Engine/Plugins/Animation/ControlRig/Content/Controls/ControlRig_Box_1mm.uexp" 340
"../../../Engine/Plugins/Animation/ControlRig/Content/Controls/ControlRig_Arrow_solid.ubulk" 341
"../../../Engine/Plugins/Animation/ControlRig/Content/Controls/ControlRig_Arrow_solid.uasset" 342
"../../../Engine/Plugins/Animation/ControlRig/Content/Controls/ControlRig_Arrow_solid.uexp" 343
"../../../Engine/Plugins/Animation/ControlRig/Content/Controls/ControlRig_Arrow_3mm.ubulk" 344
"../../../Engine/Plugins/Animation/ControlRig/Content/Controls/ControlRig_Arrow_3mm.uasset" 345
"../../../Engine/Plugins/Animation/ControlRig/Content/Controls/ControlRig_Arrow_3mm.uexp" 346
"../../../Engine/Plugins/Animation/ControlRig/Content/Controls/ControlRig_Arrow_1mm.ubulk" 347
"../../../Engine/Plugins/Animation/ControlRig/Content/Controls/ControlRig_Arrow_1mm.uasset" 348
"../../../Engine/Plugins/Animation/ControlRig/Content/Controls/ControlRig_Arrow_1mm.uexp" 349
"../../../Engine/Plugins/Animation/ControlRig/Content/Controls/ControlRig_Arrow4_solid.ubulk" 350
"../../../Engine/Plugins/Animation/ControlRig/Content/Controls/ControlRig_Arrow4_solid.uasset" 351
"../../../Engine/Plugins/Animation/ControlRig/Content/Controls/ControlRig_Arrow4_solid.uexp" 352
"../../../Engine/Plugins/Animation/ControlRig/Content/Controls/ControlRig_Arrow4_3mm.ubulk" 353
"../../../Engine/Plugins/Animation/ControlRig/Content/Controls/ControlRig_Arrow4_3mm.uasset" 354
"../../../Engine/Plugins/Animation/ControlRig/Content/Controls/ControlRig_Arrow4_3mm.uexp" 355
"../../../Engine/Plugins/Animation/ControlRig/Content/Controls/ControlRig_Arrow4_1mm.ubulk" 356
"../../../Engine/Plugins/Animation/ControlRig/Content/Controls/ControlRig_Arrow4_1mm.uasset" 357
"../../../Engine/Plugins/Animation/ControlRig/Content/Controls/ControlRig_Arrow4_1mm.uexp" 358
"../../../Engine/Plugins/Animation/ControlRig/Content/Controls/ControlRig_Arrow2_solid.ubulk" 359
"../../../Engine/Plugins/Animation/ControlRig/Content/Controls/ControlRig_Arrow2_solid.uasset" 360
"../../../Engine/Plugins/Animation/ControlRig/Content/Controls/ControlRig_Arrow2_solid.uexp" 361
"../../../Engine/Plugins/Animation/ControlRig/Content/Controls/ControlRig_Arrow2_3mm.ubulk" 362
"../../../Engine/Plugins/Animation/ControlRig/Content/Controls/ControlRig_Arrow2_3mm.uasset" 363
"../../../Engine/Plugins/Animation/ControlRig/Content/Controls/ControlRig_Arrow2_3mm.uexp" 364
"../../../Engine/Plugins/Animation/ControlRig/Content/Controls/ControlRig_Arrow2_1mm.ubulk" 365
"../../../Engine/Plugins/Animation/ControlRig/Content/Controls/ControlRig_Arrow2_1mm.uasset" 366
"../../../Engine/Plugins/Animation/ControlRig/Content/Controls/ControlRig_Arrow2_1mm.uexp" 367
"../../../Engine/Plugins/Animation/ControlRig/Content/Controls/ControlRigXRayMaterial.uasset" 368
"../../../Engine/Plugins/Animation/ControlRig/Content/Controls/ControlRigXRayMaterial.uexp" 369
"../../../Engine/Plugins/Animation/ControlRig/Content/Controls/ControlRigGizmoMaterial.uasset" 370
"../../../Engine/Plugins/Animation/ControlRig/Content/Controls/ControlRigGizmoMaterial.uexp" 371
"../../../Engine/Content/VREditor/TransformGizmo/StartRotationHandleIndicator.ubulk" 372
"../../../Engine/Content/VREditor/TransformGizmo/StartRotationHandleIndicator.uasset" 373
"../../../Engine/Content/VREditor/TransformGizmo/StartRotationHandleIndicator.uexp" 374
"../../../Engine/Content/VREditor/Sounds/UI/Drop_Item_From_ContentBrowser.ubulk" 375
"../../../Engine/Content/VREditor/Sounds/UI/Drop_Item_From_ContentBrowser.uasset" 376
"../../../Engine/Content/VREditor/Sounds/UI/Drop_Item_From_ContentBrowser.uexp" 377
"../../../Engine/Content/VREditor/TransformGizmo/PlaneTranslationHandle.ubulk" 378
"../../../Engine/Content/VREditor/TransformGizmo/PlaneTranslationHandle.uasset" 379
"../../../Engine/Content/VREditor/TransformGizmo/PlaneTranslationHandle.uexp" 380
"../../../Engine/Content/VREditor/Sounds/UI/Object_Snaps_To_Grid.ubulk" 381
"../../../Engine/Content/VREditor/Sounds/UI/Object_Snaps_To_Grid.uasset" 382
"../../../Engine/Content/VREditor/Sounds/UI/Object_Snaps_To_Grid.uexp" 383
"../../../Engine/Content/VREditor/Sounds/UI/Selection_Changes.ubulk" 384
"../../../Engine/Content/VREditor/Sounds/UI/Selection_Changes.uasset" 385
"../../../Engine/Content/VREditor/Sounds/UI/Selection_Changes.uexp" 386
"../../../Engine/Content/VREditor/Sounds/UI/Object_Snaps_To_Another_Actor.ubulk" 387
"../../../Engine/Content/VREditor/Sounds/UI/Object_Snaps_To_Another_Actor.uasset" 388
"../../../Engine/Content/VREditor/Sounds/UI/Object_Snaps_To_Another_Actor.uexp" 389
"../../../Engine/Content/VREditor/TransformGizmo/TranslucentTransformGizmoMaterial_Inst.uasset" 390
"../../../Engine/Content/VREditor/TransformGizmo/TranslucentTransformGizmoMaterial_Inst.uexp" 391
"../../../Engine/Content/VREditor/TransformGizmo/TransformGizmoFreeRotation.ubulk" 392
"../../../Engine/Content/VREditor/TransformGizmo/TransformGizmoFreeRotation.uasset" 393
"../../../Engine/Content/VREditor/TransformGizmo/TransformGizmoFreeRotation.uexp" 394
"../../../Engine/Content/VREditor/Sounds/UI/Scaling_Down.ubulk" 395
"../../../Engine/Content/VREditor/Sounds/UI/Scaling_Down.uasset" 396
"../../../Engine/Content/VREditor/Sounds/UI/Scaling_Down.uexp" 397
"../../../Engine/Content/Functions/Engine_MaterialFunctions02/Math/Transform3x3Matrix.uasset" 398
"../../../Engine/Content/Functions/Engine_MaterialFunctions02/Math/Transform3x3Matrix.uexp" 399
"../../../Engine/Content/Functions/Engine_MaterialFunctions02/SplitComponents.uasset" 400
"../../../Engine/Content/Functions/Engine_MaterialFunctions02/SplitComponents.uexp" 401
"../../../Engine/Content/Functions/Engine_MaterialFunctions02/Utility/MakeFloat3.uasset" 402
"../../../Engine/Content/Functions/Engine_MaterialFunctions02/Utility/MakeFloat3.uexp" 403
"../../../Engine/Content/VREditor/SnapGrid/SnapGridMaterial.uasset" 404
"../../../Engine/Content/VREditor/SnapGrid/SnapGridMaterial.uexp" 405
"../../../Engine/Content/VREditor/SnapGrid/SnapGridPlaneMesh.ubulk" 406
"../../../Engine/Content/VREditor/SnapGrid/SnapGridPlaneMesh.uasset" 407
"../../../Engine/Content/VREditor/SnapGrid/SnapGridPlaneMesh.uexp" 408
"../../../Engine/Content/VREditor/Sounds/UI/Scaling_Up.ubulk" 409
"../../../Engine/Content/VREditor/Sounds/UI/Scaling_Up.uasset" 410
"../../../Engine/Content/VREditor/Sounds/UI/Scaling_Up.uexp" 411
"../../../Engine/Content/VREditor/TransformGizmo/TransformGizmoMaterial_Inst.uasset" 412
"../../../Engine/Content/VREditor/TransformGizmo/TransformGizmoMaterial_Inst.uexp" 413
"../../../Engine/Content/VREditor/Sounds/UI/Gizmo_Handle_Clicked.ubulk" 414
"../../../Engine/Content/VREditor/Sounds/UI/Gizmo_Handle_Clicked.uasset" 415
"../../../Engine/Content/VREditor/Sounds/UI/Gizmo_Handle_Clicked.uexp" 416
"../../../Engine/Content/VREditor/TransformGizmo/RotationHandleQuarter.ubulk" 417
"../../../Engine/Content/VREditor/TransformGizmo/RotationHandleQuarter.uasset" 418
"../../../Engine/Content/VREditor/TransformGizmo/RotationHandleQuarter.uexp" 419
"../../../Engine/Content/VREditor/TransformGizmo/TranslateArrowHandle.ubulk" 420
"../../../Engine/Content/VREditor/TransformGizmo/TranslateArrowHandle.uasset" 421
"../../../Engine/Content/VREditor/TransformGizmo/TranslateArrowHandle.uexp" 422
"../../../Engine/Content/VREditor/TransformGizmo/RotationHandleIndicator.ubulk" 423
"../../../Engine/Content/VREditor/TransformGizmo/RotationHandleIndicator.uasset" 424
"../../../Engine/Content/VREditor/TransformGizmo/RotationHandleIndicator.uexp" 425
"../../../Engine/Content/VREditor/TransformGizmo/UniformScaleHandle.ubulk" 426
"../../../Engine/Content/VREditor/TransformGizmo/UniformScaleHandle.uasset" 427
"../../../Engine/Content/VREditor/TransformGizmo/UniformScaleHandle.uexp" 428
"../../../Engine/Content/VREditor/TransformGizmo/RotationHandleFull.ubulk" 429
"../../../Engine/Content/VREditor/TransformGizmo/RotationHandleFull.uasset" 430
"../../../Engine/Content/VREditor/TransformGizmo/RotationHandleFull.uexp" 431
"../../../Engine/Content/VREditor/Sounds/UI/Object_PickUp.ubulk" 432
"../../../Engine/Content/VREditor/Sounds/UI/Object_PickUp.uasset" 433
"../../../Engine/Content/VREditor/Sounds/UI/Object_PickUp.uexp" 434
"../../../Engine/Content/EngineSounds/Master.uasset" 435
"../../../Engine/Content/EngineSounds/Master.uexp" 436
"../../../Engine/Content/EngineResources/WhiteSquareTexture.uasset" 437
"../../../Engine/Content/EngineResources/WhiteSquareTexture.uexp" 438
"../../../Engine/Content/EngineMaterials/Widget3DPassThrough.uasset" 439
"../../../Engine/Content/EngineMaterials/Widget3DPassThrough.uexp" 440
"../../../Engine/Content/EngineMaterials/Widget3DPassThrough_Translucent.uasset" 441
"../../../Engine/Content/EngineMaterials/Widget3DPassThrough_Translucent.uexp" 442
"../../../Engine/Content/EngineMaterials/Widget3DPassThrough_Translucent_OneSided.uasset" 443
"../../../Engine/Content/EngineMaterials/Widget3DPassThrough_Translucent_OneSided.uexp" 444
"../../../Engine/Content/EngineMaterials/Widget3DPassThrough_Opaque.uasset" 445
"../../../Engine/Content/EngineMaterials/Widget3DPassThrough_Opaque.uexp" 446
"../../../Engine/Content/EngineMaterials/Widget3DPassThrough_Opaque_OneSided.uasset" 447
"../../../Engine/Content/EngineMaterials/Widget3DPassThrough_Opaque_OneSided.uexp" 448
"../../../Engine/Content/EngineMaterials/Widget3DPassThrough_Masked_OneSided.uasset" 449
"../../../Engine/Content/EngineMaterials/Widget3DPassThrough_Masked_OneSided.uexp" 450
"../../../Engine/Content/EngineMaterials/Widget3DPassThrough_Masked.uasset" 451
"../../../Engine/Content/EngineMaterials/Widget3DPassThrough_Masked.uexp" 452
"../../../Engine/Content/EngineMaterials/STBlueNoise_vec2_128x128x64.uasset" 453
"../../../Engine/Content/EngineMaterials/STBlueNoise_vec2_128x128x64.uexp" 454
"../../../Engine/Content/EngineMaterials/STBlueNoise_scalar_128x128x64.uasset" 455
"../../../Engine/Content/EngineMaterials/STBlueNoise_scalar_128x128x64.uexp" 456
"../../../Engine/Content/EngineMaterials/RemoveSurfaceMaterial.uasset" 457
"../../../Engine/Content/EngineMaterials/RemoveSurfaceMaterial.uexp" 458
"../../../Engine/Content/EngineMaterials/DefaultCalibrationGrayscale.uasset" 459
"../../../Engine/Content/EngineMaterials/DefaultCalibrationGrayscale.uexp" 460
"../../../Engine/Content/EngineMaterials/PPM_DefaultCalibrationGrayscale.uasset" 461
"../../../Engine/Content/EngineMaterials/PPM_DefaultCalibrationGrayscale.uexp" 462
"../../../Engine/Content/EngineMaterials/DefaultCalibrationColor.uasset" 463
"../../../Engine/Content/EngineMaterials/DefaultCalibrationColor.uexp" 464
"../../../Engine/Content/EngineMaterials/PPM_DefaultCalibrationColor.uasset" 465
"../../../Engine/Content/EngineMaterials/PPM_DefaultCalibrationColor.uexp" 466
"../../../Engine/Content/EngineMaterials/PhAT_JointLimitMaterial.uasset" 467
"../../../Engine/Content/EngineMaterials/PhAT_JointLimitMaterial.uexp" 468
"../../../Engine/Content/EngineMaterials/NaniteHiddenSectionMaterial.uasset" 469
"../../../Engine/Content/EngineMaterials/NaniteHiddenSectionMaterial.uexp" 470
"../../../Engine/Content/EngineMaterials/InvalidLightmapSettings.ubulk" 471
"../../../Engine/Content/EngineMaterials/InvalidLightmapSettings.uasset" 472
"../../../Engine/Content/EngineMaterials/InvalidLightmapSettings.uexp" 473
"../../../Engine/Content/EngineMaterials/M_InvalidLightmapSettings.uasset" 474
"../../../Engine/Content/EngineMaterials/M_InvalidLightmapSettings.uexp" 475
"../../../Engine/Content/EngineMaterials/GizmoMaterial.uasset" 476
"../../../Engine/Content/EngineMaterials/GizmoMaterial.uexp" 477
"../../../Engine/Content/EngineMaterials/BaseFlattenEmissiveMap_VT.uasset" 478
"../../../Engine/Content/EngineMaterials/BaseFlattenEmissiveMap_VT.uexp" 479
"../../../Engine/Content/EngineMaterials/BaseFlattenGrayscaleMap_VT.uasset" 480
"../../../Engine/Content/EngineMaterials/BaseFlattenGrayscaleMap_VT.uexp" 481
"../../../Engine/Content/EngineMaterials/BaseFlattenLinearColor_VT.uasset" 482
"../../../Engine/Content/EngineMaterials/BaseFlattenLinearColor_VT.uexp" 483
"../../../Engine/Content/EngineMaterials/Black_1x1_EXR_Texture_VT.uasset" 484
"../../../Engine/Content/EngineMaterials/Black_1x1_EXR_Texture_VT.uexp" 485
"../../../Engine/Content/EngineMaterials/BaseFlattenDiffuseMap_VT.uasset" 486
"../../../Engine/Content/EngineMaterials/BaseFlattenDiffuseMap_VT.uexp" 487
"../../../Engine/Content/EngineMaterials/BaseFlattenNormalMap_VT.uasset" 488
"../../../Engine/Content/EngineMaterials/BaseFlattenNormalMap_VT.uexp" 489
"../../../Engine/Content/EngineMaterials/FlattenMaterial_WS_Normal_VT.uasset" 490
"../../../Engine/Content/EngineMaterials/FlattenMaterial_WS_Normal_VT.uexp" 491
"../../../Engine/Content/EngineMaterials/FlattenMaterial_VT.uasset" 492
"../../../Engine/Content/EngineMaterials/FlattenMaterial_VT.uexp" 493
"../../../Engine/Content/EngineMaterials/BaseFlattenNormalMap.uasset" 494
"../../../Engine/Content/EngineMaterials/BaseFlattenNormalMap.uexp" 495
"../../../Engine/Content/EngineMaterials/BaseFlattenGrayscaleMap.uasset" 496
"../../../Engine/Content/EngineMaterials/BaseFlattenGrayscaleMap.uexp" 497
"../../../Engine/Content/EngineMaterials/BaseFlattenDiffuseMap.uasset" 498
"../../../Engine/Content/EngineMaterials/BaseFlattenDiffuseMap.uexp" 499
"../../../Engine/Content/Functions/Engine_MaterialFunctions02/PivotPainter2/Black_1x1_EXR_Texture.uasset" 500
"../../../Engine/Content/Functions/Engine_MaterialFunctions02/PivotPainter2/Black_1x1_EXR_Texture.uexp" 501
"../../../Engine/Content/EngineMaterials/BaseFlattenEmissiveMap.uasset" 502
"../../../Engine/Content/EngineMaterials/BaseFlattenEmissiveMap.uexp" 503
"../../../Engine/Content/EngineMaterials/BaseFlattenLinearColor.uasset" 504
"../../../Engine/Content/EngineMaterials/BaseFlattenLinearColor.uexp" 505
"../../../Engine/Content/EngineMaterials/FlattenMaterial.uasset" 506
"../../../Engine/Content/EngineMaterials/FlattenMaterial.uexp" 507
"../../../Engine/Content/EngineMaterials/DefaultWhiteGrid_Low.uasset" 508
"../../../Engine/Content/EngineMaterials/DefaultWhiteGrid_Low.uexp" 509
"../../../Engine/Content/EngineMaterials/EmissiveMeshMaterial.uasset" 510
"../../../Engine/Content/EngineMaterials/EmissiveMeshMaterial.uexp" 511
"../../../Engine/Content/EngineFonts/RobotoDistanceField.uasset" 512
"../../../Engine/Content/EngineFonts/RobotoDistanceField.uexp" 513
"../../../Engine/Content/EngineMaterials/DefaultTextMaterialOpaque.uasset" 514
"../../../Engine/Content/EngineMaterials/DefaultTextMaterialOpaque.uexp" 515
"../../../Engine/Content/EngineMaterials/DefaultDiffuse.ubulk" 516
"../../../Engine/Content/EngineMaterials/DefaultDiffuse.uasset" 517
"../../../Engine/Content/EngineMaterials/DefaultDiffuse.uexp" 518
"../../../Engine/Content/Functions/Engine_MaterialFunctions02/Utility/BreakOutFloat2Components.uasset" 519
"../../../Engine/Content/Functions/Engine_MaterialFunctions02/Utility/BreakOutFloat2Components.uexp" 520
"../../../Engine/Content/EngineMaterials/DefaultPostProcessMaterial.uasset" 521
"../../../Engine/Content/EngineMaterials/DefaultPostProcessMaterial.uexp" 522
"../../../Engine/Content/EngineMaterials/DefaultPhysicalMaterial.uasset" 523
"../../../Engine/Content/EngineMaterials/DefaultPhysicalMaterial.uexp" 524
"../../../Engine/Content/EngineMaterials/DefaultLightFunctionMaterial.uasset" 525
"../../../Engine/Content/EngineMaterials/DefaultLightFunctionMaterial.uexp" 526
"../../../Engine/Content/EngineMaterials/DefaultDestructiblePhysicalMaterial.uasset" 527
"../../../Engine/Content/EngineMaterials/DefaultDestructiblePhysicalMaterial.uexp" 528
"../../../Engine/Content/EngineMaterials/DefaultDeferredDecalMaterial.uasset" 529
"../../../Engine/Content/EngineMaterials/DefaultDeferredDecalMaterial.uexp" 530
"../../../Engine/Content/EngineMaterials/DefaultBloomKernel.uasset" 531
"../../../Engine/Content/EngineMaterials/DefaultBloomKernel.uexp" 532
"../../../Engine/Content/EngineFonts/Faces/RobotoLight.uexp" 533
"../../../Engine/Content/EngineFonts/Faces/RobotoLight.uasset" 534
"../../../Engine/Content/EngineFonts/Faces/RobotoLight.ufont" 535
"../../../Engine/Content/EngineFonts/Faces/RobotoBold.uexp" 536
"../../../Engine/Content/EngineFonts/Faces/RobotoBold.uasset" 537
"../../../Engine/Content/EngineFonts/Faces/RobotoBold.ufont" 538
"../../../Engine/Content/EngineFonts/Faces/RobotoRegular.uexp" 539
"../../../Engine/Content/EngineFonts/Faces/RobotoRegular.uasset" 540
"../../../Engine/Content/EngineFonts/Faces/RobotoRegular.ufont" 541
"../../../Engine/Content/EngineFonts/Faces/DroidSansFallback.uexp" 542
"../../../Engine/Content/EngineFonts/Faces/DroidSansFallback.uasset" 543
"../../../Engine/Content/EngineFonts/Faces/DroidSansFallback.ufont" 544
"../../../Engine/Content/EngineFonts/Faces/RobotoItalic.uexp" 545
"../../../Engine/Content/EngineFonts/Faces/RobotoItalic.uasset" 546
"../../../Engine/Content/EngineFonts/Faces/RobotoItalic.ufont" 547
"../../../Engine/Content/EngineFonts/Faces/RobotoBoldItalic.uexp" 548
"../../../Engine/Content/EngineFonts/Faces/RobotoBoldItalic.uasset" 549
"../../../Engine/Content/EngineFonts/Faces/RobotoBoldItalic.ufont" 550
"../../../Engine/Content/EngineFonts/Roboto.uasset" 551
"../../../Engine/Content/EngineFonts/Roboto.uexp" 552
"../../../Engine/Content/Functions/Engine_MaterialFunctions02/Utility/CameraDirectionVector.uasset" 553
"../../../Engine/Content/Functions/Engine_MaterialFunctions02/Utility/CameraDirectionVector.uexp" 554
"../../../Engine/Content/EngineDebugMaterials/VolumeToRender.uasset" 555
"../../../Engine/Content/EngineDebugMaterials/VolumeToRender.uexp" 556
"../../../Engine/Content/EngineDebugMaterials/M_VolumeRenderSphereTracePP.uasset" 557
"../../../Engine/Content/EngineDebugMaterials/M_VolumeRenderSphereTracePP.uexp" 558
"../../../Engine/Content/EngineDebugMaterials/M_SimpleUnlitTranslucent.uasset" 559
"../../../Engine/Content/EngineDebugMaterials/M_SimpleUnlitTranslucent.uexp" 560
"../../../Engine/Content/EngineDebugMaterials/DebugMeshMaterial.uasset" 561
"../../../Engine/Content/EngineDebugMaterials/DebugMeshMaterial.uexp" 562
"../../../Engine/Content/EngineDebugMaterials/DebugEditorMaterial.uasset" 563
"../../../Engine/Content/EngineDebugMaterials/DebugEditorMaterial.uexp" 564
"../../../Engine/Content/EngineDamageTypes/DmgTypeBP_Environmental.uasset" 565
"../../../Engine/Content/EngineDamageTypes/DmgTypeBP_Environmental.uexp" 566
"../../../Engine/Content/EditorResources/S_Terrain.ubulk" 567
"../../../Engine/Content/EditorResources/S_Terrain.uasset" 568
"../../../Engine/Content/EditorResources/S_Terrain.uexp" 569
"../../../Engine/Content/EditorResources/EmptyActor.uasset" 570
"../../../Engine/Content/EditorResources/EmptyActor.uexp" 571
"../../../Engine/Content/EditorResources/BSPVertex.uasset" 572
"../../../Engine/Content/EditorResources/BSPVertex.uexp" 573
"../../../Engine/Plugins/Runtime/MeshModelingToolset/Content/Materials/M_DynamicMeshComponentVtxColor.uasset" 574
"../../../Engine/Plugins/Runtime/MeshModelingToolset/Content/Materials/M_DynamicMeshComponentVtxColor.uexp" 575
"../../../Engine/Plugins/Interchange/Runtime/Content/Pipelines/DefaultTexturePipeline.uasset" 576
"../../../Engine/Plugins/Interchange/Runtime/Content/Pipelines/DefaultTexturePipeline.uexp" 577
"../../../Engine/Plugins/Interchange/Runtime/Content/Pipelines/DefaultSceneLevelPipeline.uasset" 578
"../../../Engine/Plugins/Interchange/Runtime/Content/Pipelines/DefaultSceneLevelPipeline.uexp" 579
"../../../Engine/Plugins/Interchange/Runtime/Content/Pipelines/DefaultSceneAssetsPipeline.uasset" 580
"../../../Engine/Plugins/Interchange/Runtime/Content/Pipelines/DefaultSceneAssetsPipeline.uexp" 581
"../../../Engine/Plugins/Interchange/Runtime/Content/Pipelines/DefaultMaterialXPipeline.uasset" 582
"../../../Engine/Plugins/Interchange/Runtime/Content/Pipelines/DefaultMaterialXPipeline.uexp" 583
"../../../Engine/Plugins/Interchange/Runtime/Content/Pipelines/DefaultMaterialPipeline.uasset" 584
"../../../Engine/Plugins/Interchange/Runtime/Content/Pipelines/DefaultMaterialPipeline.uexp" 585
"../../../Engine/Plugins/Interchange/Runtime/Content/Pipelines/DefaultGLTFSceneAssetsPipeline.uasset" 586
"../../../Engine/Plugins/Interchange/Runtime/Content/Pipelines/DefaultGLTFSceneAssetsPipeline.uexp" 587
"../../../Engine/Plugins/Interchange/Runtime/Content/Pipelines/DefaultGLTFPipeline.uasset" 588
"../../../Engine/Plugins/Interchange/Runtime/Content/Pipelines/DefaultGLTFPipeline.uexp" 589
"../../../Engine/Plugins/Interchange/Runtime/Content/Pipelines/DefaultGLTFAssetsPipeline.uasset" 590
"../../../Engine/Plugins/Interchange/Runtime/Content/Pipelines/DefaultGLTFAssetsPipeline.uexp" 591
"../../../Engine/Plugins/Interchange/Runtime/Content/Pipelines/DefaultAssetsPipeline.uasset" 592
"../../../Engine/Plugins/Interchange/Runtime/Content/Pipelines/DefaultAssetsPipeline.uexp" 593
"../../../Engine/Plugins/Interchange/Runtime/Content/Functions/MX_UsdPreviewSurface.uasset" 594
"../../../Engine/Plugins/Interchange/Runtime/Content/Functions/MX_UsdPreviewSurface.uexp" 595
"../../../Engine/Plugins/Interchange/Runtime/Content/Functions/MX_UniformEDF.uasset" 596
"../../../Engine/Plugins/Interchange/Runtime/Content/Functions/MX_UniformEDF.uexp" 597
"../../../Engine/Plugins/Interchange/Runtime/Content/Functions/MX_TranslucentBSDF.uasset" 598
"../../../Engine/Plugins/Interchange/Runtime/Content/Functions/MX_TranslucentBSDF.uexp" 599
"../../../Engine/Plugins/Interchange/Runtime/Content/Functions/MX_ThinFilmBSDF.uasset" 600
"../../../Engine/Plugins/Interchange/Runtime/Content/Functions/MX_ThinFilmBSDF.uexp" 601
"../../../Engine/Plugins/Interchange/Runtime/Content/Functions/MX_SurfaceUnlit.uasset" 602
"../../../Engine/Plugins/Interchange/Runtime/Content/Functions/MX_SurfaceUnlit.uexp" 603
"../../../Engine/Plugins/Interchange/Runtime/Content/Functions/MX_Surface.uasset" 604
"../../../Engine/Plugins/Interchange/Runtime/Content/Functions/MX_Surface.uexp" 605
"../../../Engine/Plugins/Interchange/Runtime/Content/Functions/MX_SubsurfaceBSDF.uasset" 606
"../../../Engine/Plugins/Interchange/Runtime/Content/Functions/MX_SubsurfaceBSDF.uexp" 607
"../../../Engine/Plugins/Interchange/Runtime/Content/Functions/MX_SheenBSDF.uasset" 608
"../../../Engine/Plugins/Interchange/Runtime/Content/Functions/MX_SheenBSDF.uexp" 609
"../../../Engine/Plugins/Interchange/Runtime/Content/Functions/MX_OrenNayarBSDF.uasset" 610
"../../../Engine/Plugins/Interchange/Runtime/Content/Functions/MX_OrenNayarBSDF.uexp" 611
"../../../Engine/Content/Functions/Engine_MaterialFunctions01/Volumetrics/BeersLaw.uasset" 612
"../../../Engine/Content/Functions/Engine_MaterialFunctions01/Volumetrics/BeersLaw.uexp" 613
"../../../Engine/Content/EngineMaterials/Good64x64TilingNoiseHighFreq.uasset" 614
"../../../Engine/Content/EngineMaterials/Good64x64TilingNoiseHighFreq.uexp" 615
"../../../Engine/Content/Functions/Engine_MaterialFunctions02/Texturing/ScreenAlignedPixelToPixelUVs.uasset" 616
"../../../Engine/Content/Functions/Engine_MaterialFunctions02/Texturing/ScreenAlignedPixelToPixelUVs.uexp" 617
"../../../Engine/Plugins/Interchange/Runtime/Content/gltf/MaterialFunctions/MF_Temporal_Blur.uasset" 618
"../../../Engine/Plugins/Interchange/Runtime/Content/gltf/MaterialFunctions/MF_Temporal_Blur.uexp" 619
"../../../Engine/Plugins/Interchange/Runtime/Content/gltf/MaterialFunctions/MF_Fresnel_DS.uasset" 620
"../../../Engine/Plugins/Interchange/Runtime/Content/gltf/MaterialFunctions/MF_Fresnel_DS.uexp" 621
"../../../Engine/Plugins/Interchange/Runtime/Content/Functions/MX_Transmission.uasset" 622
"../../../Engine/Plugins/Interchange/Runtime/Content/Functions/MX_Transmission.uexp" 623
"../../../Engine/Plugins/Interchange/Runtime/Content/Functions/MF_OrenNayerView.uasset" 624
"../../../Engine/Plugins/Interchange/Runtime/Content/Functions/MF_OrenNayerView.uexp" 625
"../../../Engine/Plugins/Interchange/Runtime/Content/Functions/MF_SchlickApprox.uasset" 626
"../../../Engine/Plugins/Interchange/Runtime/Content/Functions/MF_SchlickApprox.uexp" 627
"../../../Engine/Plugins/Interchange/Runtime/Content/Utilities/New_LUT.uasset" 628
"../../../Engine/Plugins/Interchange/Runtime/Content/Utilities/New_LUT.uexp" 629
"../../../Engine/Content/Functions/Engine_MaterialFunctions03/Math/RemapValueRange.uasset" 630
"../../../Engine/Content/Functions/Engine_MaterialFunctions03/Math/RemapValueRange.uexp" 631
"../../../Engine/Plugins/Interchange/Runtime/Content/Functions/MF_Iridescence.uasset" 632
"../../../Engine/Plugins/Interchange/Runtime/Content/Functions/MF_Iridescence.uexp" 633
"../../../Engine/Plugins/Interchange/Runtime/Content/Functions/MX_StandardSurface.uasset" 634
"../../../Engine/Plugins/Interchange/Runtime/Content/Functions/MX_StandardSurface.uexp" 635
"../../../Engine/Plugins/Interchange/Runtime/Content/Functions/MX_TransmissionSurface.uasset" 636
"../../../Engine/Plugins/Interchange/Runtime/Content/Functions/MX_TransmissionSurface.uexp" 637
"../../../Engine/Plugins/Interchange/Runtime/Content/Functions/MX_OpenPBR_Translucent.uasset" 638
"../../../Engine/Plugins/Interchange/Runtime/Content/Functions/MX_OpenPBR_Translucent.uexp" 639
"../../../Engine/Plugins/Interchange/Runtime/Content/Functions/MX_OpenPBR_Opaque.uasset" 640
"../../../Engine/Plugins/Interchange/Runtime/Content/Functions/MX_OpenPBR_Opaque.uexp" 641
"../../../Engine/Plugins/Interchange/Runtime/Content/Functions/MX_MeasuredEDF.uasset" 642
"../../../Engine/Plugins/Interchange/Runtime/Content/Functions/MX_MeasuredEDF.uexp" 643
"../../../Engine/Plugins/Interchange/Runtime/Content/Functions/MX_GeneralizedSchlickBSDF.uasset" 644
"../../../Engine/Plugins/Interchange/Runtime/Content/Functions/MX_GeneralizedSchlickBSDF.uexp" 645
"../../../Engine/Plugins/Interchange/Runtime/Content/Functions/MX_DielectricBSDF.uasset" 646
"../../../Engine/Plugins/Interchange/Runtime/Content/Functions/MX_DielectricBSDF.uexp" 647
"../../../Engine/Plugins/Interchange/Runtime/Content/Functions/MX_ConicalEDF.uasset" 648
"../../../Engine/Plugins/Interchange/Runtime/Content/Functions/MX_ConicalEDF.uexp" 649
"../../../Engine/Plugins/Interchange/Runtime/Content/Functions/MX_ConductorBSDF.uasset" 650
"../../../Engine/Plugins/Interchange/Runtime/Content/Functions/MX_ConductorBSDF.uexp" 651
"../../../Engine/Plugins/Interchange/Runtime/Content/Functions/MX_BurleyDiffuseBSDF.uasset" 652
"../../../Engine/Plugins/Interchange/Runtime/Content/Functions/MX_BurleyDiffuseBSDF.uexp" 653
"../../../Engine/Plugins/Interchange/Runtime/Content/Functions/MX_AnisotropicVDF.uasset" 654
"../../../Engine/Plugins/Interchange/Runtime/Content/Functions/MX_AnisotropicVDF.uexp" 655
"../../../Engine/Plugins/Interchange/Runtime/Content/Functions/MX_AbsorptionVDF.uasset" 656
"../../../Engine/Plugins/Interchange/Runtime/Content/Functions/MX_AbsorptionVDF.uexp" 657
"C:/UnrealProjects/ShootingCPP/Content/StarterContent/Textures/T_TableRound_N.ubulk" 658
"C:/UnrealProjects/ShootingCPP/Content/StarterContent/Textures/T_TableRound_N.uasset" 659
"C:/UnrealProjects/ShootingCPP/Content/StarterContent/Textures/T_TableRound_N.uexp" 660
"C:/UnrealProjects/ShootingCPP/Content/StarterContent/Textures/T_TableRound_M.ubulk" 661
"C:/UnrealProjects/ShootingCPP/Content/StarterContent/Textures/T_TableRound_M.uasset" 662
"C:/UnrealProjects/ShootingCPP/Content/StarterContent/Textures/T_TableRound_M.uexp" 663
"C:/UnrealProjects/ShootingCPP/Content/StarterContent/Textures/T_Statue_N.ubulk" 664
"C:/UnrealProjects/ShootingCPP/Content/StarterContent/Textures/T_Statue_N.uasset" 665
"C:/UnrealProjects/ShootingCPP/Content/StarterContent/Textures/T_Statue_N.uexp" 666
"C:/UnrealProjects/ShootingCPP/Content/StarterContent/Textures/T_Statue_M.ubulk" 667
"C:/UnrealProjects/ShootingCPP/Content/StarterContent/Textures/T_Statue_M.uasset" 668
"C:/UnrealProjects/ShootingCPP/Content/StarterContent/Textures/T_Statue_M.uexp" 669
"C:/UnrealProjects/ShootingCPP/Content/StarterContent/Textures/T_Shelf_N.ubulk" 670
"C:/UnrealProjects/ShootingCPP/Content/StarterContent/Textures/T_Shelf_N.uasset" 671
"C:/UnrealProjects/ShootingCPP/Content/StarterContent/Textures/T_Shelf_N.uexp" 672
"C:/UnrealProjects/ShootingCPP/Content/StarterContent/Textures/T_Shelf_M.ubulk" 673
"C:/UnrealProjects/ShootingCPP/Content/StarterContent/Textures/T_Shelf_M.uasset" 674
"C:/UnrealProjects/ShootingCPP/Content/StarterContent/Textures/T_Shelf_M.uexp" 675
"C:/UnrealProjects/ShootingCPP/Content/StarterContent/Textures/T_RockMesh_N.ubulk" 676
"C:/UnrealProjects/ShootingCPP/Content/StarterContent/Textures/T_RockMesh_N.uasset" 677
"C:/UnrealProjects/ShootingCPP/Content/StarterContent/Textures/T_RockMesh_N.uexp" 678
"C:/UnrealProjects/ShootingCPP/Content/StarterContent/Textures/T_RockMesh_M.ubulk" 679
"C:/UnrealProjects/ShootingCPP/Content/StarterContent/Textures/T_RockMesh_M.uasset" 680
"C:/UnrealProjects/ShootingCPP/Content/StarterContent/Textures/T_RockMesh_M.uexp" 681
"C:/UnrealProjects/ShootingCPP/Content/StarterContent/Textures/T_Lamp_N.ubulk" 682
"C:/UnrealProjects/ShootingCPP/Content/StarterContent/Textures/T_Lamp_N.uasset" 683
"C:/UnrealProjects/ShootingCPP/Content/StarterContent/Textures/T_Lamp_N.uexp" 684
"C:/UnrealProjects/ShootingCPP/Content/StarterContent/Textures/T_Lamp_M.ubulk" 685
"C:/UnrealProjects/ShootingCPP/Content/StarterContent/Textures/T_Lamp_M.uasset" 686
"C:/UnrealProjects/ShootingCPP/Content/StarterContent/Textures/T_Lamp_M.uexp" 687
"C:/UnrealProjects/ShootingCPP/Content/StarterContent/Textures/T_Frame_N.ubulk" 688
"C:/UnrealProjects/ShootingCPP/Content/StarterContent/Textures/T_Frame_N.uasset" 689
"C:/UnrealProjects/ShootingCPP/Content/StarterContent/Textures/T_Frame_N.uexp" 690
"C:/UnrealProjects/ShootingCPP/Content/StarterContent/Textures/T_Frame_M.ubulk" 691
"C:/UnrealProjects/ShootingCPP/Content/StarterContent/Textures/T_Frame_M.uasset" 692
"C:/UnrealProjects/ShootingCPP/Content/StarterContent/Textures/T_Frame_M.uexp" 693
"C:/UnrealProjects/ShootingCPP/Content/StarterContent/Textures/T_Door_N.ubulk" 694
"C:/UnrealProjects/ShootingCPP/Content/StarterContent/Textures/T_Door_N.uasset" 695
"C:/UnrealProjects/ShootingCPP/Content/StarterContent/Textures/T_Door_N.uexp" 696
"C:/UnrealProjects/ShootingCPP/Content/StarterContent/Textures/T_Door_M.ubulk" 697
"C:/UnrealProjects/ShootingCPP/Content/StarterContent/Textures/T_Door_M.uasset" 698
"C:/UnrealProjects/ShootingCPP/Content/StarterContent/Textures/T_Door_M.uexp" 699
"C:/UnrealProjects/ShootingCPP/Content/StarterContent/Textures/T_Chair_N.ubulk" 700
"C:/UnrealProjects/ShootingCPP/Content/StarterContent/Textures/T_Chair_N.uasset" 701
"C:/UnrealProjects/ShootingCPP/Content/StarterContent/Textures/T_Chair_N.uexp" 702
"C:/UnrealProjects/ShootingCPP/Content/StarterContent/Textures/T_Chair_M.ubulk" 703
"C:/UnrealProjects/ShootingCPP/Content/StarterContent/Textures/T_Chair_M.uasset" 704
"C:/UnrealProjects/ShootingCPP/Content/StarterContent/Textures/T_Chair_M.uexp" 705
"C:/UnrealProjects/ShootingCPP/Content/StarterContent/Textures/T_Bush_N.ubulk" 706
"C:/UnrealProjects/ShootingCPP/Content/StarterContent/Textures/T_Bush_N.uasset" 707
"C:/UnrealProjects/ShootingCPP/Content/StarterContent/Textures/T_Bush_N.uexp" 708
"C:/UnrealProjects/ShootingCPP/Content/StarterContent/Textures/T_Bush_D.ubulk" 709
"C:/UnrealProjects/ShootingCPP/Content/StarterContent/Textures/T_Bush_D.uasset" 710
"C:/UnrealProjects/ShootingCPP/Content/StarterContent/Textures/T_Bush_D.uexp" 711
"C:/UnrealProjects/ShootingCPP/Content/StarterContent/Textures/T_Smoke_SubUV.ubulk" 712
"C:/UnrealProjects/ShootingCPP/Content/StarterContent/Textures/T_Smoke_SubUV.uasset" 713
"C:/UnrealProjects/ShootingCPP/Content/StarterContent/Textures/T_Smoke_SubUV.uexp" 714
"C:/UnrealProjects/ShootingCPP/Content/StarterContent/Textures/T_Smoke_Tiled_D.ubulk" 715
"C:/UnrealProjects/ShootingCPP/Content/StarterContent/Textures/T_Smoke_Tiled_D.uasset" 716
"C:/UnrealProjects/ShootingCPP/Content/StarterContent/Textures/T_Smoke_Tiled_D.uexp" 717
"C:/UnrealProjects/ShootingCPP/Content/StarterContent/Particles/Materials/M_smoke_subUV.uasset" 718
"C:/UnrealProjects/ShootingCPP/Content/StarterContent/Particles/Materials/M_smoke_subUV.uexp" 719
"C:/UnrealProjects/ShootingCPP/Content/StarterContent/Particles/P_Steam_Lit.uasset" 720
"C:/UnrealProjects/ShootingCPP/Content/StarterContent/Particles/P_Steam_Lit.uexp" 721
"C:/UnrealProjects/ShootingCPP/Content/StarterContent/Textures/T_Spark_Core.ubulk" 722
"C:/UnrealProjects/ShootingCPP/Content/StarterContent/Textures/T_Spark_Core.uasset" 723
"C:/UnrealProjects/ShootingCPP/Content/StarterContent/Textures/T_Spark_Core.uexp" 724
"C:/UnrealProjects/ShootingCPP/Content/StarterContent/Particles/Materials/M_Spark.uasset" 725
"C:/UnrealProjects/ShootingCPP/Content/StarterContent/Particles/Materials/M_Spark.uexp" 726
"../../../Engine/Content/Functions/Engine_MaterialFunctions01/Gradient/RadialGradient.uasset" 727
"../../../Engine/Content/Functions/Engine_MaterialFunctions01/Gradient/RadialGradient.uexp" 728
"C:/UnrealProjects/ShootingCPP/Content/StarterContent/Particles/Materials/M_Radial_Gradient.uasset" 729
"C:/UnrealProjects/ShootingCPP/Content/StarterContent/Particles/Materials/M_Radial_Gradient.uexp" 730
"C:/UnrealProjects/ShootingCPP/Content/StarterContent/Particles/P_Sparks.uasset" 731
"C:/UnrealProjects/ShootingCPP/Content/StarterContent/Particles/P_Sparks.uexp" 732
"C:/UnrealProjects/ShootingCPP/Content/StarterContent/Particles/P_Smoke.uasset" 733
"C:/UnrealProjects/ShootingCPP/Content/StarterContent/Particles/P_Smoke.uexp" 734
"C:/UnrealProjects/ShootingCPP/Content/StarterContent/Textures/T_Fire_Tiled_D.ubulk" 735
"C:/UnrealProjects/ShootingCPP/Content/StarterContent/Textures/T_Fire_Tiled_D.uasset" 736
"C:/UnrealProjects/ShootingCPP/Content/StarterContent/Textures/T_Fire_Tiled_D.uexp" 737
"C:/UnrealProjects/ShootingCPP/Content/StarterContent/Textures/T_Fire_SubUV.ubulk" 738
"C:/UnrealProjects/ShootingCPP/Content/StarterContent/Textures/T_Fire_SubUV.uasset" 739
"C:/UnrealProjects/ShootingCPP/Content/StarterContent/Textures/T_Fire_SubUV.uexp" 740
"C:/UnrealProjects/ShootingCPP/Content/StarterContent/Particles/Materials/M_Fire_SubUV.uasset" 741
"C:/UnrealProjects/ShootingCPP/Content/StarterContent/Particles/Materials/M_Fire_SubUV.uexp" 742
"C:/UnrealProjects/ShootingCPP/Content/StarterContent/Textures/T_Water_N.ubulk" 743
"C:/UnrealProjects/ShootingCPP/Content/StarterContent/Textures/T_Water_N.uasset" 744
"C:/UnrealProjects/ShootingCPP/Content/StarterContent/Textures/T_Water_N.uexp" 745
"C:/UnrealProjects/ShootingCPP/Content/StarterContent/Particles/Materials/M_Heat_Distortion.uasset" 746
"C:/UnrealProjects/ShootingCPP/Content/StarterContent/Particles/Materials/M_Heat_Distortion.uexp" 747
"C:/UnrealProjects/ShootingCPP/Content/StarterContent/Particles/P_Fire.uasset" 748
"C:/UnrealProjects/ShootingCPP/Content/StarterContent/Particles/P_Fire.uexp" 749
"C:/UnrealProjects/ShootingCPP/Content/StarterContent/Textures/T_Dust_Particle_D.ubulk" 750
"C:/UnrealProjects/ShootingCPP/Content/StarterContent/Textures/T_Dust_Particle_D.uasset" 751
"C:/UnrealProjects/ShootingCPP/Content/StarterContent/Textures/T_Dust_Particle_D.uexp" 752
"C:/UnrealProjects/ShootingCPP/Content/StarterContent/Particles/Materials/M_Dust_Particle.uasset" 753
"C:/UnrealProjects/ShootingCPP/Content/StarterContent/Particles/Materials/M_Dust_Particle.uexp" 754
"C:/UnrealProjects/ShootingCPP/Content/StarterContent/Particles/P_Ambient_Dust.uasset" 755
"C:/UnrealProjects/ShootingCPP/Content/StarterContent/Particles/P_Ambient_Dust.uexp" 756
"C:/UnrealProjects/ShootingCPP/Content/StarterContent/Textures/T_Wood_Walnut_N.ubulk" 757
"C:/UnrealProjects/ShootingCPP/Content/StarterContent/Textures/T_Wood_Walnut_N.uasset" 758
"C:/UnrealProjects/ShootingCPP/Content/StarterContent/Textures/T_Wood_Walnut_N.uexp" 759
"C:/UnrealProjects/ShootingCPP/Content/StarterContent/Textures/T_Wood_Walnut_D.ubulk" 760
"C:/UnrealProjects/ShootingCPP/Content/StarterContent/Textures/T_Wood_Walnut_D.uasset" 761
"C:/UnrealProjects/ShootingCPP/Content/StarterContent/Textures/T_Wood_Walnut_D.uexp" 762
"C:/UnrealProjects/ShootingCPP/Content/StarterContent/Textures/T_MacroVariation.uasset" 763
"C:/UnrealProjects/ShootingCPP/Content/StarterContent/Textures/T_MacroVariation.uexp" 764
"C:/UnrealProjects/ShootingCPP/Content/StarterContent/Materials/M_Wood_Walnut.uasset" 765
"C:/UnrealProjects/ShootingCPP/Content/StarterContent/Materials/M_Wood_Walnut.uexp" 766
"C:/UnrealProjects/ShootingCPP/Content/StarterContent/Textures/T_Wood_Pine_D.ubulk" 767
"C:/UnrealProjects/ShootingCPP/Content/StarterContent/Textures/T_Wood_Pine_D.uasset" 768
"C:/UnrealProjects/ShootingCPP/Content/StarterContent/Textures/T_Wood_Pine_D.uexp" 769
"C:/UnrealProjects/ShootingCPP/Content/StarterContent/Textures/T_Wood_Pine_N.ubulk" 770
"C:/UnrealProjects/ShootingCPP/Content/StarterContent/Textures/T_Wood_Pine_N.uasset" 771
"C:/UnrealProjects/ShootingCPP/Content/StarterContent/Textures/T_Wood_Pine_N.uexp" 772
"C:/UnrealProjects/ShootingCPP/Content/StarterContent/Textures/T_Perlin_Noise_M.ubulk" 773
"C:/UnrealProjects/ShootingCPP/Content/StarterContent/Textures/T_Perlin_Noise_M.uasset" 774
"C:/UnrealProjects/ShootingCPP/Content/StarterContent/Textures/T_Perlin_Noise_M.uexp" 775
"C:/UnrealProjects/ShootingCPP/Content/StarterContent/Materials/M_Wood_Pine.uasset" 776
"C:/UnrealProjects/ShootingCPP/Content/StarterContent/Materials/M_Wood_Pine.uexp" 777
"C:/UnrealProjects/ShootingCPP/Content/StarterContent/Textures/T_Wood_Oak_N.ubulk" 778
"C:/UnrealProjects/ShootingCPP/Content/StarterContent/Textures/T_Wood_Oak_N.uasset" 779
"C:/UnrealProjects/ShootingCPP/Content/StarterContent/Textures/T_Wood_Oak_N.uexp" 780
"C:/UnrealProjects/ShootingCPP/Content/StarterContent/Textures/T_Wood_Oak_D.ubulk" 781
"C:/UnrealProjects/ShootingCPP/Content/StarterContent/Textures/T_Wood_Oak_D.uasset" 782
"C:/UnrealProjects/ShootingCPP/Content/StarterContent/Textures/T_Wood_Oak_D.uexp" 783
"C:/UnrealProjects/ShootingCPP/Content/StarterContent/Materials/M_Wood_Oak.uasset" 784
"C:/UnrealProjects/ShootingCPP/Content/StarterContent/Materials/M_Wood_Oak.uexp" 785
"../../../Engine/Content/Functions/Engine_MaterialFunctions01/Opacity/AlphaOffset.uasset" 786
"../../../Engine/Content/Functions/Engine_MaterialFunctions01/Opacity/AlphaOffset.uexp" 787
"C:/UnrealProjects/ShootingCPP/Content/StarterContent/Textures/T_Wood_Floor_Walnut_M.ubulk" 788
"C:/UnrealProjects/ShootingCPP/Content/StarterContent/Textures/T_Wood_Floor_Walnut_M.uasset" 789
"C:/UnrealProjects/ShootingCPP/Content/StarterContent/Textures/T_Wood_Floor_Walnut_M.uexp" 790
"C:/UnrealProjects/ShootingCPP/Content/StarterContent/Textures/T_Wood_Floor_Walnut_D.ubulk" 791
"C:/UnrealProjects/ShootingCPP/Content/StarterContent/Textures/T_Wood_Floor_Walnut_D.uasset" 792
"C:/UnrealProjects/ShootingCPP/Content/StarterContent/Textures/T_Wood_Floor_Walnut_D.uexp" 793
"C:/UnrealProjects/ShootingCPP/Content/StarterContent/Textures/T_Wood_Floor_Walnut_N.ubulk" 794
"C:/UnrealProjects/ShootingCPP/Content/StarterContent/Textures/T_Wood_Floor_Walnut_N.uasset" 795
"C:/UnrealProjects/ShootingCPP/Content/StarterContent/Textures/T_Wood_Floor_Walnut_N.uexp" 796
"C:/UnrealProjects/ShootingCPP/Content/StarterContent/Materials/M_Wood_Floor_Walnut_Worn.uasset" 797
"C:/UnrealProjects/ShootingCPP/Content/StarterContent/Materials/M_Wood_Floor_Walnut_Worn.uexp" 798
"C:/UnrealProjects/ShootingCPP/Content/StarterContent/Materials/M_Wood_Floor_Walnut_Polished.uasset" 799
"C:/UnrealProjects/ShootingCPP/Content/StarterContent/Materials/M_Wood_Floor_Walnut_Polished.uexp" 800
"../../../Engine/Content/Functions/Engine_MaterialFunctions02/Utility/BlendAngleCorrectedNormals.uasset" 801
"../../../Engine/Content/Functions/Engine_MaterialFunctions02/Utility/BlendAngleCorrectedNormals.uexp" 802
"C:/UnrealProjects/ShootingCPP/Content/StarterContent/Textures/T_Water_M.ubulk" 803
"C:/UnrealProjects/ShootingCPP/Content/StarterContent/Textures/T_Water_M.uasset" 804
"C:/UnrealProjects/ShootingCPP/Content/StarterContent/Textures/T_Water_M.uexp" 805
"C:/UnrealProjects/ShootingCPP/Content/StarterContent/Materials/M_Water_Ocean.uasset" 806
"C:/UnrealProjects/ShootingCPP/Content/StarterContent/Materials/M_Water_Ocean.uexp" 807
"C:/UnrealProjects/ShootingCPP/Content/StarterContent/Materials/M_Water_Lake.uasset" 808
"C:/UnrealProjects/ShootingCPP/Content/StarterContent/Materials/M_Water_Lake.uexp" 809
"C:/UnrealProjects/ShootingCPP/Content/StarterContent/Textures/T_Metal_Steel_D.ubulk" 810
"C:/UnrealProjects/ShootingCPP/Content/StarterContent/Textures/T_Metal_Steel_D.uasset" 811
"C:/UnrealProjects/ShootingCPP/Content/StarterContent/Textures/T_Metal_Steel_D.uexp" 812
"C:/UnrealProjects/ShootingCPP/Content/StarterContent/Textures/T_Tech_Panel_N.ubulk" 813
"C:/UnrealProjects/ShootingCPP/Content/StarterContent/Textures/T_Tech_Panel_N.uasset" 814
"C:/UnrealProjects/ShootingCPP/Content/StarterContent/Textures/T_Tech_Panel_N.uexp" 815
"C:/UnrealProjects/ShootingCPP/Content/StarterContent/Textures/T_Tech_Panel_M.ubulk" 816
"C:/UnrealProjects/ShootingCPP/Content/StarterContent/Textures/T_Tech_Panel_M.uasset" 817
"C:/UnrealProjects/ShootingCPP/Content/StarterContent/Textures/T_Tech_Panel_M.uexp" 818
"C:/UnrealProjects/ShootingCPP/Content/StarterContent/Materials/M_Tech_Panel.uasset" 819
"C:/UnrealProjects/ShootingCPP/Content/StarterContent/Materials/M_Tech_Panel.uexp" 820
"C:/UnrealProjects/ShootingCPP/Content/StarterContent/Textures/T_Tech_Hex_Tile_M.ubulk" 821
"C:/UnrealProjects/ShootingCPP/Content/StarterContent/Textures/T_Tech_Hex_Tile_M.uasset" 822
"C:/UnrealProjects/ShootingCPP/Content/StarterContent/Textures/T_Tech_Hex_Tile_M.uexp" 823
"C:/UnrealProjects/ShootingCPP/Content/StarterContent/Textures/T_Tech_Hex_Tile_N.ubulk" 824
"C:/UnrealProjects/ShootingCPP/Content/StarterContent/Textures/T_Tech_Hex_Tile_N.uasset" 825
"C:/UnrealProjects/ShootingCPP/Content/StarterContent/Textures/T_Tech_Hex_Tile_N.uexp" 826
"C:/UnrealProjects/ShootingCPP/Content/StarterContent/Materials/M_Tech_Hex_Tile_Pulse.uasset" 827
"C:/UnrealProjects/ShootingCPP/Content/StarterContent/Materials/M_Tech_Hex_Tile_Pulse.uexp" 828
"C:/UnrealProjects/ShootingCPP/Content/StarterContent/Materials/M_Tech_Hex_Tile.uasset" 829
"C:/UnrealProjects/ShootingCPP/Content/StarterContent/Materials/M_Tech_Hex_Tile.uexp" 830
"C:/UnrealProjects/ShootingCPP/Content/StarterContent/Textures/T_Checker_Noise_M.ubulk" 831
"C:/UnrealProjects/ShootingCPP/Content/StarterContent/Textures/T_Checker_Noise_M.uasset" 832
"C:/UnrealProjects/ShootingCPP/Content/StarterContent/Textures/T_Checker_Noise_M.uexp" 833
"C:/UnrealProjects/ShootingCPP/Content/StarterContent/Textures/T_Tech_Dot_M.ubulk" 834
"C:/UnrealProjects/ShootingCPP/Content/StarterContent/Textures/T_Tech_Dot_M.uasset" 835
"C:/UnrealProjects/ShootingCPP/Content/StarterContent/Textures/T_Tech_Dot_M.uexp" 836
"C:/UnrealProjects/ShootingCPP/Content/StarterContent/Textures/T_Tech_Dot_N.ubulk" 837
"C:/UnrealProjects/ShootingCPP/Content/StarterContent/Textures/T_Tech_Dot_N.uasset" 838
"C:/UnrealProjects/ShootingCPP/Content/StarterContent/Textures/T_Tech_Dot_N.uexp" 839
"C:/UnrealProjects/ShootingCPP/Content/StarterContent/Textures/T_Single_Tile_N.ubulk" 840
"C:/UnrealProjects/ShootingCPP/Content/StarterContent/Textures/T_Single_Tile_N.uasset" 841
"C:/UnrealProjects/ShootingCPP/Content/StarterContent/Textures/T_Single_Tile_N.uexp" 842
"C:/UnrealProjects/ShootingCPP/Content/StarterContent/Materials/M_Tech_Checker_Dot.uasset" 843
"C:/UnrealProjects/ShootingCPP/Content/StarterContent/Materials/M_Tech_Checker_Dot.uexp" 844
"C:/UnrealProjects/ShootingCPP/Content/StarterContent/Textures/T_Rock_Slate_D.ubulk" 845
"C:/UnrealProjects/ShootingCPP/Content/StarterContent/Textures/T_Rock_Slate_D.uasset" 846
"C:/UnrealProjects/ShootingCPP/Content/StarterContent/Textures/T_Rock_Slate_D.uexp" 847
"C:/UnrealProjects/ShootingCPP/Content/StarterContent/Textures/T_Rock_Slate_N.ubulk" 848
"C:/UnrealProjects/ShootingCPP/Content/StarterContent/Textures/T_Rock_Slate_N.uasset" 849
"C:/UnrealProjects/ShootingCPP/Content/StarterContent/Textures/T_Rock_Slate_N.uexp" 850
"C:/UnrealProjects/ShootingCPP/Content/StarterContent/Materials/M_Rock_Slate.uasset" 851
"C:/UnrealProjects/ShootingCPP/Content/StarterContent/Materials/M_Rock_Slate.uexp" 852
"C:/UnrealProjects/ShootingCPP/Content/StarterContent/Textures/T_Rock_Sandstone_N.ubulk" 853
"C:/UnrealProjects/ShootingCPP/Content/StarterContent/Textures/T_Rock_Sandstone_N.uasset" 854
"C:/UnrealProjects/ShootingCPP/Content/StarterContent/Textures/T_Rock_Sandstone_N.uexp" 855
"C:/UnrealProjects/ShootingCPP/Content/StarterContent/Textures/T_Rock_Sandstone_D.ubulk" 856
"C:/UnrealProjects/ShootingCPP/Content/StarterContent/Textures/T_Rock_Sandstone_D.uasset" 857
"C:/UnrealProjects/ShootingCPP/Content/StarterContent/Textures/T_Rock_Sandstone_D.uexp" 858
"C:/UnrealProjects/ShootingCPP/Content/StarterContent/Materials/M_Rock_Sandstone.uasset" 859
"C:/UnrealProjects/ShootingCPP/Content/StarterContent/Materials/M_Rock_Sandstone.uexp" 860
"C:/UnrealProjects/ShootingCPP/Content/StarterContent/Textures/T_Metal_Gold_N.ubulk" 861
"C:/UnrealProjects/ShootingCPP/Content/StarterContent/Textures/T_Metal_Gold_N.uasset" 862
"C:/UnrealProjects/ShootingCPP/Content/StarterContent/Textures/T_Metal_Gold_N.uexp" 863
"C:/UnrealProjects/ShootingCPP/Content/StarterContent/Textures/T_Rock_Marble_Polished_D.ubulk" 864
"C:/UnrealProjects/ShootingCPP/Content/StarterContent/Textures/T_Rock_Marble_Polished_D.uasset" 865
"C:/UnrealProjects/ShootingCPP/Content/StarterContent/Textures/T_Rock_Marble_Polished_D.uexp" 866
"C:/UnrealProjects/ShootingCPP/Content/StarterContent/Materials/M_Rock_Marble_Polished.uasset" 867
"C:/UnrealProjects/ShootingCPP/Content/StarterContent/Materials/M_Rock_Marble_Polished.uexp" 868
"C:/UnrealProjects/ShootingCPP/Content/StarterContent/Textures/T_Rock_Basalt_D.ubulk" 869
"C:/UnrealProjects/ShootingCPP/Content/StarterContent/Textures/T_Rock_Basalt_D.uasset" 870
"C:/UnrealProjects/ShootingCPP/Content/StarterContent/Textures/T_Rock_Basalt_D.uexp" 871
"C:/UnrealProjects/ShootingCPP/Content/StarterContent/Textures/T_Rock_Basalt_N.ubulk" 872
"C:/UnrealProjects/ShootingCPP/Content/StarterContent/Textures/T_Rock_Basalt_N.uasset" 873
"C:/UnrealProjects/ShootingCPP/Content/StarterContent/Textures/T_Rock_Basalt_N.uexp" 874
"C:/UnrealProjects/ShootingCPP/Content/StarterContent/Materials/M_Rock_Basalt.uasset" 875
"C:/UnrealProjects/ShootingCPP/Content/StarterContent/Materials/M_Rock_Basalt.uexp" 876
"C:/UnrealProjects/ShootingCPP/Content/StarterContent/Textures/T_Metal_Steel_N.ubulk" 877
"C:/UnrealProjects/ShootingCPP/Content/StarterContent/Textures/T_Metal_Steel_N.uasset" 878
"C:/UnrealProjects/ShootingCPP/Content/StarterContent/Textures/T_Metal_Steel_N.uexp" 879
"C:/UnrealProjects/ShootingCPP/Content/StarterContent/Materials/M_Metal_Steel.uasset" 880
"C:/UnrealProjects/ShootingCPP/Content/StarterContent/Materials/M_Metal_Steel.uexp" 881
"C:/UnrealProjects/ShootingCPP/Content/StarterContent/Textures/T_Metal_Rust_N.ubulk" 882
"C:/UnrealProjects/ShootingCPP/Content/StarterContent/Textures/T_Metal_Rust_N.uasset" 883
"C:/UnrealProjects/ShootingCPP/Content/StarterContent/Textures/T_Metal_Rust_N.uexp" 884
"C:/UnrealProjects/ShootingCPP/Content/StarterContent/Textures/T_Metal_Rust_D.ubulk" 885
"C:/UnrealProjects/ShootingCPP/Content/StarterContent/Textures/T_Metal_Rust_D.uasset" 886
"C:/UnrealProjects/ShootingCPP/Content/StarterContent/Textures/T_Metal_Rust_D.uexp" 887
"C:/UnrealProjects/ShootingCPP/Content/StarterContent/Materials/M_Metal_Rust.uasset" 888
"C:/UnrealProjects/ShootingCPP/Content/StarterContent/Materials/M_Metal_Rust.uexp" 889
"C:/UnrealProjects/ShootingCPP/Content/StarterContent/Textures/T_Metal_Gold_D.ubulk" 890
"C:/UnrealProjects/ShootingCPP/Content/StarterContent/Textures/T_Metal_Gold_D.uasset" 891
"C:/UnrealProjects/ShootingCPP/Content/StarterContent/Textures/T_Metal_Gold_D.uexp" 892
"C:/UnrealProjects/ShootingCPP/Content/StarterContent/Materials/M_Metal_Gold.uasset" 893
"C:/UnrealProjects/ShootingCPP/Content/StarterContent/Materials/M_Metal_Gold.uexp" 894
"C:/UnrealProjects/ShootingCPP/Content/StarterContent/Textures/T_Metal_Copper_D.ubulk" 895
"C:/UnrealProjects/ShootingCPP/Content/StarterContent/Textures/T_Metal_Copper_D.uasset" 896
"C:/UnrealProjects/ShootingCPP/Content/StarterContent/Textures/T_Metal_Copper_D.uexp" 897
"C:/UnrealProjects/ShootingCPP/Content/StarterContent/Materials/M_Metal_Copper.uasset" 898
"C:/UnrealProjects/ShootingCPP/Content/StarterContent/Materials/M_Metal_Copper.uexp" 899
"C:/UnrealProjects/ShootingCPP/Content/StarterContent/Materials/M_Metal_Chrome.uasset" 900
"C:/UnrealProjects/ShootingCPP/Content/StarterContent/Materials/M_Metal_Chrome.uexp" 901
"C:/UnrealProjects/ShootingCPP/Content/StarterContent/Textures/T_Metal_Aluminum_D.ubulk" 902
"C:/UnrealProjects/ShootingCPP/Content/StarterContent/Textures/T_Metal_Aluminum_D.uasset" 903
"C:/UnrealProjects/ShootingCPP/Content/StarterContent/Textures/T_Metal_Aluminum_D.uexp" 904
"C:/UnrealProjects/ShootingCPP/Content/StarterContent/Materials/M_Metal_Burnished_Steel.uasset" 905
"C:/UnrealProjects/ShootingCPP/Content/StarterContent/Materials/M_Metal_Burnished_Steel.uexp" 906
"C:/UnrealProjects/ShootingCPP/Content/StarterContent/Materials/M_Metal_Brushed_Nickel.uasset" 907
"C:/UnrealProjects/ShootingCPP/Content/StarterContent/Materials/M_Metal_Brushed_Nickel.uexp" 908
"C:/UnrealProjects/ShootingCPP/Content/StarterContent/Textures/T_ground_Moss_D.ubulk" 909
"C:/UnrealProjects/ShootingCPP/Content/StarterContent/Textures/T_ground_Moss_D.uasset" 910
"C:/UnrealProjects/ShootingCPP/Content/StarterContent/Textures/T_ground_Moss_D.uexp" 911
"C:/UnrealProjects/ShootingCPP/Content/StarterContent/Textures/T_Ground_Moss_N.ubulk" 912
"C:/UnrealProjects/ShootingCPP/Content/StarterContent/Textures/T_Ground_Moss_N.uasset" 913
"C:/UnrealProjects/ShootingCPP/Content/StarterContent/Textures/T_Ground_Moss_N.uexp" 914
"C:/UnrealProjects/ShootingCPP/Content/StarterContent/Materials/M_Ground_Moss.uasset" 915
"C:/UnrealProjects/ShootingCPP/Content/StarterContent/Materials/M_Ground_Moss.uexp" 916
"C:/UnrealProjects/ShootingCPP/Content/StarterContent/Textures/T_Ground_Gravel_N.ubulk" 917
"C:/UnrealProjects/ShootingCPP/Content/StarterContent/Textures/T_Ground_Gravel_N.uasset" 918
"C:/UnrealProjects/ShootingCPP/Content/StarterContent/Textures/T_Ground_Gravel_N.uexp" 919
"C:/UnrealProjects/ShootingCPP/Content/StarterContent/Textures/T_Ground_Gravel_D.ubulk" 920
"C:/UnrealProjects/ShootingCPP/Content/StarterContent/Textures/T_Ground_Gravel_D.uasset" 921
"C:/UnrealProjects/ShootingCPP/Content/StarterContent/Textures/T_Ground_Gravel_D.uexp" 922
"C:/UnrealProjects/ShootingCPP/Content/StarterContent/Materials/M_Ground_Gravel.uasset" 923
"C:/UnrealProjects/ShootingCPP/Content/StarterContent/Materials/M_Ground_Gravel.uexp" 924
"C:/UnrealProjects/ShootingCPP/Content/StarterContent/Textures/T_Ground_Grass_D.ubulk" 925
"C:/UnrealProjects/ShootingCPP/Content/StarterContent/Textures/T_Ground_Grass_D.uasset" 926
"C:/UnrealProjects/ShootingCPP/Content/StarterContent/Textures/T_Ground_Grass_D.uexp" 927
"C:/UnrealProjects/ShootingCPP/Content/StarterContent/Textures/T_Ground_Grass_N.ubulk" 928
"C:/UnrealProjects/ShootingCPP/Content/StarterContent/Textures/T_Ground_Grass_N.uasset" 929
"C:/UnrealProjects/ShootingCPP/Content/StarterContent/Textures/T_Ground_Grass_N.uexp" 930
"C:/UnrealProjects/ShootingCPP/Content/StarterContent/Materials/M_Ground_Grass.uasset" 931
"C:/UnrealProjects/ShootingCPP/Content/StarterContent/Materials/M_Ground_Grass.uexp" 932
"C:/UnrealProjects/ShootingCPP/Content/StarterContent/Materials/M_Glass.uasset" 933
"C:/UnrealProjects/ShootingCPP/Content/StarterContent/Materials/M_Glass.uexp" 934
"C:/UnrealProjects/ShootingCPP/Content/StarterContent/Textures/T_Concrete_Tiles_Variation_M.ubulk" 935
"C:/UnrealProjects/ShootingCPP/Content/StarterContent/Textures/T_Concrete_Tiles_Variation_M.uasset" 936
"C:/UnrealProjects/ShootingCPP/Content/StarterContent/Textures/T_Concrete_Tiles_Variation_M.uexp" 937
"C:/UnrealProjects/ShootingCPP/Content/StarterContent/Textures/T_Concrete_Tiles_D.ubulk" 938
"C:/UnrealProjects/ShootingCPP/Content/StarterContent/Textures/T_Concrete_Tiles_D.uasset" 939
"C:/UnrealProjects/ShootingCPP/Content/StarterContent/Textures/T_Concrete_Tiles_D.uexp" 940
"C:/UnrealProjects/ShootingCPP/Content/StarterContent/Textures/T_Concrete_Tiles_M.ubulk" 941
"C:/UnrealProjects/ShootingCPP/Content/StarterContent/Textures/T_Concrete_Tiles_M.uasset" 942
"C:/UnrealProjects/ShootingCPP/Content/StarterContent/Textures/T_Concrete_Tiles_M.uexp" 943
"C:/UnrealProjects/ShootingCPP/Content/StarterContent/Textures/T_Concrete_Tiles_N.ubulk" 944
"C:/UnrealProjects/ShootingCPP/Content/StarterContent/Textures/T_Concrete_Tiles_N.uasset" 945
"C:/UnrealProjects/ShootingCPP/Content/StarterContent/Textures/T_Concrete_Tiles_N.uexp" 946
"C:/UnrealProjects/ShootingCPP/Content/StarterContent/Materials/M_Concrete_Tiles.uasset" 947
"C:/UnrealProjects/ShootingCPP/Content/StarterContent/Materials/M_Concrete_Tiles.uexp" 948
"C:/UnrealProjects/ShootingCPP/Content/StarterContent/Textures/T_Concrete_Poured_D.ubulk" 949
"C:/UnrealProjects/ShootingCPP/Content/StarterContent/Textures/T_Concrete_Poured_D.uasset" 950
"C:/UnrealProjects/ShootingCPP/Content/StarterContent/Textures/T_Concrete_Poured_D.uexp" 951
"C:/UnrealProjects/ShootingCPP/Content/StarterContent/Textures/T_Concrete_Poured_N.ubulk" 952
"C:/UnrealProjects/ShootingCPP/Content/StarterContent/Textures/T_Concrete_Poured_N.uasset" 953
"C:/UnrealProjects/ShootingCPP/Content/StarterContent/Textures/T_Concrete_Poured_N.uexp" 954
"C:/UnrealProjects/ShootingCPP/Content/StarterContent/Materials/M_Concrete_Poured.uasset" 955
"C:/UnrealProjects/ShootingCPP/Content/StarterContent/Materials/M_Concrete_Poured.uexp" 956
"C:/UnrealProjects/ShootingCPP/Content/StarterContent/Textures/T_Concrete_Panels_D.ubulk" 957
"C:/UnrealProjects/ShootingCPP/Content/StarterContent/Textures/T_Concrete_Panels_D.uasset" 958
"C:/UnrealProjects/ShootingCPP/Content/StarterContent/Textures/T_Concrete_Panels_D.uexp" 959
"C:/UnrealProjects/ShootingCPP/Content/StarterContent/Textures/T_Concrete_Panels_N.ubulk" 960
"C:/UnrealProjects/ShootingCPP/Content/StarterContent/Textures/T_Concrete_Panels_N.uasset" 961
"C:/UnrealProjects/ShootingCPP/Content/StarterContent/Textures/T_Concrete_Panels_N.uexp" 962
"C:/UnrealProjects/ShootingCPP/Content/StarterContent/Materials/M_Concrete_Panels.uasset" 963
"C:/UnrealProjects/ShootingCPP/Content/StarterContent/Materials/M_Concrete_Panels.uexp" 964
"C:/UnrealProjects/ShootingCPP/Content/StarterContent/Textures/T_Concrete_Grime_D.ubulk" 965
"C:/UnrealProjects/ShootingCPP/Content/StarterContent/Textures/T_Concrete_Grime_D.uasset" 966
"C:/UnrealProjects/ShootingCPP/Content/StarterContent/Textures/T_Concrete_Grime_D.uexp" 967
"C:/UnrealProjects/ShootingCPP/Content/StarterContent/Materials/M_Concrete_Grime.uasset" 968
"C:/UnrealProjects/ShootingCPP/Content/StarterContent/Materials/M_Concrete_Grime.uexp" 969
"../../../Engine/Content/EditorMeshes/ColorCalibrator/T_ColorGrid.ubulk" 970
"../../../Engine/Content/EditorMeshes/ColorCalibrator/T_ColorGrid.uasset" 971
"../../../Engine/Content/EditorMeshes/ColorCalibrator/T_ColorGrid.uexp" 972
"C:/UnrealProjects/ShootingCPP/Content/StarterContent/Materials/M_ColorGrid_LowSpec.uasset" 973
"C:/UnrealProjects/ShootingCPP/Content/StarterContent/Materials/M_ColorGrid_LowSpec.uexp" 974
"C:/UnrealProjects/ShootingCPP/Content/StarterContent/Textures/T_Rock_Smooth_Granite_D.ubulk" 975
"C:/UnrealProjects/ShootingCPP/Content/StarterContent/Textures/T_Rock_Smooth_Granite_D.uasset" 976
"C:/UnrealProjects/ShootingCPP/Content/StarterContent/Textures/T_Rock_Smooth_Granite_D.uexp" 977
"C:/UnrealProjects/ShootingCPP/Content/StarterContent/Textures/T_CobbleStone_Smooth_D.ubulk" 978
"C:/UnrealProjects/ShootingCPP/Content/StarterContent/Textures/T_CobbleStone_Smooth_D.uasset" 979
"C:/UnrealProjects/ShootingCPP/Content/StarterContent/Textures/T_CobbleStone_Smooth_D.uexp" 980
"C:/UnrealProjects/ShootingCPP/Content/StarterContent/Textures/T_Gradinet_01.ubulk" 981
"C:/UnrealProjects/ShootingCPP/Content/StarterContent/Textures/T_Gradinet_01.uasset" 982
"C:/UnrealProjects/ShootingCPP/Content/StarterContent/Textures/T_Gradinet_01.uexp" 983
"C:/UnrealProjects/ShootingCPP/Content/StarterContent/Textures/T_CobbleStone_Smooth_M.ubulk" 984
"C:/UnrealProjects/ShootingCPP/Content/StarterContent/Textures/T_CobbleStone_Smooth_M.uasset" 985
"C:/UnrealProjects/ShootingCPP/Content/StarterContent/Textures/T_CobbleStone_Smooth_M.uexp" 986
"C:/UnrealProjects/ShootingCPP/Content/StarterContent/Textures/T_CobbleStone_Smooth_N.ubulk" 987
"C:/UnrealProjects/ShootingCPP/Content/StarterContent/Textures/T_CobbleStone_Smooth_N.uasset" 988
"C:/UnrealProjects/ShootingCPP/Content/StarterContent/Textures/T_CobbleStone_Smooth_N.uexp" 989
"C:/UnrealProjects/ShootingCPP/Content/StarterContent/Materials/M_CobbleStone_Smooth.uasset" 990
"C:/UnrealProjects/ShootingCPP/Content/StarterContent/Materials/M_CobbleStone_Smooth.uexp" 991
"C:/UnrealProjects/ShootingCPP/Content/StarterContent/Textures/T_CobbleStone_Rough_N.ubulk" 992
"C:/UnrealProjects/ShootingCPP/Content/StarterContent/Textures/T_CobbleStone_Rough_N.uasset" 993
"C:/UnrealProjects/ShootingCPP/Content/StarterContent/Textures/T_CobbleStone_Rough_N.uexp" 994
"C:/UnrealProjects/ShootingCPP/Content/StarterContent/Textures/T_CobbleStone_Rough_D.ubulk" 995
"C:/UnrealProjects/ShootingCPP/Content/StarterContent/Textures/T_CobbleStone_Rough_D.uasset" 996
"C:/UnrealProjects/ShootingCPP/Content/StarterContent/Textures/T_CobbleStone_Rough_D.uexp" 997
"C:/UnrealProjects/ShootingCPP/Content/StarterContent/Materials/M_CobbleStone_Rough.uasset" 998
"C:/UnrealProjects/ShootingCPP/Content/StarterContent/Materials/M_CobbleStone_Rough.uexp" 999
"C:/UnrealProjects/ShootingCPP/Content/StarterContent/Textures/T_CobbleStone_Pebble_N.ubulk" 1000
"C:/UnrealProjects/ShootingCPP/Content/StarterContent/Textures/T_CobbleStone_Pebble_N.uasset" 1001
"C:/UnrealProjects/ShootingCPP/Content/StarterContent/Textures/T_CobbleStone_Pebble_N.uexp" 1002
"C:/UnrealProjects/ShootingCPP/Content/StarterContent/Textures/T_CobbleStone_Pebble_M.ubulk" 1003
"C:/UnrealProjects/ShootingCPP/Content/StarterContent/Textures/T_CobbleStone_Pebble_M.uasset" 1004
"C:/UnrealProjects/ShootingCPP/Content/StarterContent/Textures/T_CobbleStone_Pebble_M.uexp" 1005
"C:/UnrealProjects/ShootingCPP/Content/StarterContent/Textures/T_CobbleStone_Pebble_D.ubulk" 1006
"C:/UnrealProjects/ShootingCPP/Content/StarterContent/Textures/T_CobbleStone_Pebble_D.uasset" 1007
"C:/UnrealProjects/ShootingCPP/Content/StarterContent/Textures/T_CobbleStone_Pebble_D.uexp" 1008
"C:/UnrealProjects/ShootingCPP/Content/StarterContent/Materials/M_CobbleStone_Pebble.uasset" 1009
"C:/UnrealProjects/ShootingCPP/Content/StarterContent/Materials/M_CobbleStone_Pebble.uexp" 1010
"C:/UnrealProjects/ShootingCPP/Content/StarterContent/Textures/T_Ceramic_Tile_M.ubulk" 1011
"C:/UnrealProjects/ShootingCPP/Content/StarterContent/Textures/T_Ceramic_Tile_M.uasset" 1012
"C:/UnrealProjects/ShootingCPP/Content/StarterContent/Textures/T_Ceramic_Tile_M.uexp" 1013
"C:/UnrealProjects/ShootingCPP/Content/StarterContent/Textures/T_Ceramic_Tile_N.ubulk" 1014
"C:/UnrealProjects/ShootingCPP/Content/StarterContent/Textures/T_Ceramic_Tile_N.uasset" 1015
"C:/UnrealProjects/ShootingCPP/Content/StarterContent/Textures/T_Ceramic_Tile_N.uexp" 1016
"C:/UnrealProjects/ShootingCPP/Content/StarterContent/Materials/M_Ceramic_Tile_Checker.uasset" 1017
"C:/UnrealProjects/ShootingCPP/Content/StarterContent/Materials/M_Ceramic_Tile_Checker.uexp" 1018
"C:/UnrealProjects/ShootingCPP/Content/StarterContent/Textures/T_Detail_Rocky_N.ubulk" 1019
"C:/UnrealProjects/ShootingCPP/Content/StarterContent/Textures/T_Detail_Rocky_N.uasset" 1020
"C:/UnrealProjects/ShootingCPP/Content/StarterContent/Textures/T_Detail_Rocky_N.uexp" 1021
"C:/UnrealProjects/ShootingCPP/Content/StarterContent/Textures/T_Brick_Hewn_Stone_N.ubulk" 1022
"C:/UnrealProjects/ShootingCPP/Content/StarterContent/Textures/T_Brick_Hewn_Stone_N.uasset" 1023
"C:/UnrealProjects/ShootingCPP/Content/StarterContent/Textures/T_Brick_Hewn_Stone_N.uexp" 1024
"C:/UnrealProjects/ShootingCPP/Content/StarterContent/Textures/T_Brick_Hewn_Stone_D.ubulk" 1025
"C:/UnrealProjects/ShootingCPP/Content/StarterContent/Textures/T_Brick_Hewn_Stone_D.uasset" 1026
"C:/UnrealProjects/ShootingCPP/Content/StarterContent/Textures/T_Brick_Hewn_Stone_D.uexp" 1027
"C:/UnrealProjects/ShootingCPP/Content/StarterContent/Textures/T_Brick_Hewn_Stone_M.ubulk" 1028
"C:/UnrealProjects/ShootingCPP/Content/StarterContent/Textures/T_Brick_Hewn_Stone_M.uasset" 1029
"C:/UnrealProjects/ShootingCPP/Content/StarterContent/Textures/T_Brick_Hewn_Stone_M.uexp" 1030
"C:/UnrealProjects/ShootingCPP/Content/StarterContent/Materials/M_Brick_Hewn_Stone.uasset" 1031
"C:/UnrealProjects/ShootingCPP/Content/StarterContent/Materials/M_Brick_Hewn_Stone.uexp" 1032
"C:/UnrealProjects/ShootingCPP/Content/StarterContent/Textures/T_Brick_Cut_Stone_N.ubulk" 1033
"C:/UnrealProjects/ShootingCPP/Content/StarterContent/Textures/T_Brick_Cut_Stone_N.uasset" 1034
"C:/UnrealProjects/ShootingCPP/Content/StarterContent/Textures/T_Brick_Cut_Stone_N.uexp" 1035
"C:/UnrealProjects/ShootingCPP/Content/StarterContent/Textures/T_Brick_Cut_Stone_D.ubulk" 1036
"C:/UnrealProjects/ShootingCPP/Content/StarterContent/Textures/T_Brick_Cut_Stone_D.uasset" 1037
"C:/UnrealProjects/ShootingCPP/Content/StarterContent/Textures/T_Brick_Cut_Stone_D.uexp" 1038
"C:/UnrealProjects/ShootingCPP/Content/StarterContent/Materials/M_Brick_Cut_Stone.uasset" 1039
"C:/UnrealProjects/ShootingCPP/Content/StarterContent/Materials/M_Brick_Cut_Stone.uexp" 1040
"C:/UnrealProjects/ShootingCPP/Content/StarterContent/Textures/T_Brick_Clay_Old_N.ubulk" 1041
"C:/UnrealProjects/ShootingCPP/Content/StarterContent/Textures/T_Brick_Clay_Old_N.uasset" 1042
"C:/UnrealProjects/ShootingCPP/Content/StarterContent/Textures/T_Brick_Clay_Old_N.uexp" 1043
"C:/UnrealProjects/ShootingCPP/Content/StarterContent/Textures/T_Brick_Clay_Old_D.ubulk" 1044
"C:/UnrealProjects/ShootingCPP/Content/StarterContent/Textures/T_Brick_Clay_Old_D.uasset" 1045
"C:/UnrealProjects/ShootingCPP/Content/StarterContent/Textures/T_Brick_Clay_Old_D.uexp" 1046
"C:/UnrealProjects/ShootingCPP/Content/StarterContent/Materials/M_Brick_Clay_Old.uasset" 1047
"C:/UnrealProjects/ShootingCPP/Content/StarterContent/Materials/M_Brick_Clay_Old.uexp" 1048
"C:/UnrealProjects/ShootingCPP/Content/StarterContent/Textures/T_Brick_Clay_New_D.ubulk" 1049
"C:/UnrealProjects/ShootingCPP/Content/StarterContent/Textures/T_Brick_Clay_New_D.uasset" 1050
"C:/UnrealProjects/ShootingCPP/Content/StarterContent/Textures/T_Brick_Clay_New_D.uexp" 1051
"C:/UnrealProjects/ShootingCPP/Content/StarterContent/Textures/T_Brick_Clay_New_M.uasset" 1052
"C:/UnrealProjects/ShootingCPP/Content/StarterContent/Textures/T_Brick_Clay_New_M.uexp" 1053
"C:/UnrealProjects/ShootingCPP/Content/StarterContent/Textures/T_Brick_Clay_New_N.uasset" 1054
"C:/UnrealProjects/ShootingCPP/Content/StarterContent/Textures/T_Brick_Clay_New_N.uexp" 1055
"C:/UnrealProjects/ShootingCPP/Content/StarterContent/Materials/M_Brick_Clay_New.uasset" 1056
"C:/UnrealProjects/ShootingCPP/Content/StarterContent/Materials/M_Brick_Clay_New.uexp" 1057
"C:/UnrealProjects/ShootingCPP/Content/StarterContent/Textures/T_Brick_Clay_Beveled_M.ubulk" 1058
"C:/UnrealProjects/ShootingCPP/Content/StarterContent/Textures/T_Brick_Clay_Beveled_M.uasset" 1059
"C:/UnrealProjects/ShootingCPP/Content/StarterContent/Textures/T_Brick_Clay_Beveled_M.uexp" 1060
"C:/UnrealProjects/ShootingCPP/Content/StarterContent/Textures/T_Brick_Clay_Beveled_N.ubulk" 1061
"C:/UnrealProjects/ShootingCPP/Content/StarterContent/Textures/T_Brick_Clay_Beveled_N.uasset" 1062
"C:/UnrealProjects/ShootingCPP/Content/StarterContent/Textures/T_Brick_Clay_Beveled_N.uexp" 1063
"C:/UnrealProjects/ShootingCPP/Content/StarterContent/Textures/T_Brick_Clay_Beveled_D.ubulk" 1064
"C:/UnrealProjects/ShootingCPP/Content/StarterContent/Textures/T_Brick_Clay_Beveled_D.uasset" 1065
"C:/UnrealProjects/ShootingCPP/Content/StarterContent/Textures/T_Brick_Clay_Beveled_D.uexp" 1066
"C:/UnrealProjects/ShootingCPP/Content/StarterContent/Materials/M_Brick_Clay_Beveled.uasset" 1067
"C:/UnrealProjects/ShootingCPP/Content/StarterContent/Materials/M_Brick_Clay_Beveled.uexp" 1068
"C:/UnrealProjects/ShootingCPP/Content/StarterContent/Materials/M_Basic_Wall.uasset" 1069
"C:/UnrealProjects/ShootingCPP/Content/StarterContent/Materials/M_Basic_Wall.uexp" 1070
"C:/UnrealProjects/ShootingCPP/Content/StarterContent/Materials/M_Basic_Floor.uasset" 1071
"C:/UnrealProjects/ShootingCPP/Content/StarterContent/Materials/M_Basic_Floor.uexp" 1072
"C:/UnrealProjects/ShootingCPP/Content/StarterContent/Materials/M_AssetPlatform.uasset" 1073
"C:/UnrealProjects/ShootingCPP/Content/StarterContent/Materials/M_AssetPlatform.uexp" 1074
"../../../Engine/Plugins/Interchange/Runtime/Content/gltf/MaterialFunctions/MF_RotateV2.uasset" 1075
"../../../Engine/Plugins/Interchange/Runtime/Content/gltf/MaterialFunctions/MF_RotateV2.uexp" 1076
"../../../Engine/Plugins/Interchange/Runtime/Content/gltf/MaterialFunctions/MF_TransformUVs.uasset" 1077
"../../../Engine/Plugins/Interchange/Runtime/Content/gltf/MaterialFunctions/MF_TransformUVs.uexp" 1078
"../../../Engine/Plugins/Interchange/Runtime/Content/gltf/Textures/T_White_srgb.uasset" 1079
"../../../Engine/Plugins/Interchange/Runtime/Content/gltf/Textures/T_White_srgb.uexp" 1080
"../../../Engine/Plugins/Interchange/Runtime/Content/gltf/MaterialFunctions/MF_BaseColor.uasset" 1081
"../../../Engine/Plugins/Interchange/Runtime/Content/gltf/MaterialFunctions/MF_BaseColor.uexp" 1082
"../../../Engine/Plugins/Interchange/Runtime/Content/gltf/MaterialBodies/MF_Unlit_Body.uasset" 1083
"../../../Engine/Plugins/Interchange/Runtime/Content/gltf/MaterialBodies/MF_Unlit_Body.uexp" 1084
"../../../Engine/Plugins/Interchange/Runtime/Content/gltf/M_Unlit.uasset" 1085
"../../../Engine/Plugins/Interchange/Runtime/Content/gltf/M_Unlit.uexp" 1086
"../../../Engine/Plugins/Interchange/Runtime/Content/gltf/MaterialInstances/MI_Unlit_Opaque_DS.uasset" 1087
"../../../Engine/Plugins/Interchange/Runtime/Content/gltf/MaterialInstances/MI_Unlit_Opaque_DS.uexp" 1088
"../../../Engine/Plugins/Interchange/Runtime/Content/gltf/MaterialInstances/MI_Unlit_Opaque.uasset" 1089
"../../../Engine/Plugins/Interchange/Runtime/Content/gltf/MaterialInstances/MI_Unlit_Opaque.uexp" 1090
"../../../Engine/Plugins/Interchange/Runtime/Content/gltf/MaterialInstances/MI_Unlit_Mask_DS.uasset" 1091
"../../../Engine/Plugins/Interchange/Runtime/Content/gltf/MaterialInstances/MI_Unlit_Mask_DS.uexp" 1092
"../../../Engine/Plugins/Interchange/Runtime/Content/gltf/MaterialInstances/MI_Unlit_Mask.uasset" 1093
"../../../Engine/Plugins/Interchange/Runtime/Content/gltf/MaterialInstances/MI_Unlit_Mask.uexp" 1094
"../../../Engine/Plugins/Interchange/Runtime/Content/gltf/MaterialInstances/MI_Unlit_Blend_DS.uasset" 1095
"../../../Engine/Plugins/Interchange/Runtime/Content/gltf/MaterialInstances/MI_Unlit_Blend_DS.uexp" 1096
"../../../Engine/Plugins/Interchange/Runtime/Content/gltf/MaterialInstances/MI_Unlit_Blend.uasset" 1097
"../../../Engine/Plugins/Interchange/Runtime/Content/gltf/MaterialInstances/MI_Unlit_Blend.uexp" 1098
"../../../Engine/Plugins/Interchange/Runtime/Content/gltf/MaterialFunctions/MF_Iridescence.uasset" 1099
"../../../Engine/Plugins/Interchange/Runtime/Content/gltf/MaterialFunctions/MF_Iridescence.uexp" 1100
"../../../Engine/Plugins/Interchange/Runtime/Content/gltf/Textures/T_White_Linear.uasset" 1101
"../../../Engine/Plugins/Interchange/Runtime/Content/gltf/Textures/T_White_Linear.uexp" 1102
"../../../Engine/Plugins/Interchange/Runtime/Content/gltf/MaterialFunctions/MF_MetallicRoughness.uasset" 1103
"../../../Engine/Plugins/Interchange/Runtime/Content/gltf/MaterialFunctions/MF_MetallicRoughness.uexp" 1104
"../../../Engine/Plugins/Interchange/Runtime/Content/gltf/MaterialFunctions/MF_Transmission.uasset" 1105
"../../../Engine/Plugins/Interchange/Runtime/Content/gltf/MaterialFunctions/MF_Transmission.uexp" 1106
"../../../Engine/Plugins/Interchange/Runtime/Content/gltf/MaterialFunctions/MF_Occlusion.uasset" 1107
"../../../Engine/Plugins/Interchange/Runtime/Content/gltf/MaterialFunctions/MF_Occlusion.uexp" 1108
"../../../Engine/Plugins/Interchange/Runtime/Content/gltf/MaterialFunctions/MF_Specular.uasset" 1109
"../../../Engine/Plugins/Interchange/Runtime/Content/gltf/MaterialFunctions/MF_Specular.uexp" 1110
"../../../Engine/Plugins/Interchange/Runtime/Content/gltf/MaterialFunctions/MF_IOR.uasset" 1111
"../../../Engine/Plugins/Interchange/Runtime/Content/gltf/MaterialFunctions/MF_IOR.uexp" 1112
"../../../Engine/Plugins/Interchange/Runtime/Content/gltf/MaterialFunctions/MF_RotateNormals_TS.uasset" 1113
"../../../Engine/Plugins/Interchange/Runtime/Content/gltf/MaterialFunctions/MF_RotateNormals_TS.uexp" 1114
"../../../Engine/Plugins/Interchange/Runtime/Content/gltf/Textures/T_Generic_N.uasset" 1115
"../../../Engine/Plugins/Interchange/Runtime/Content/gltf/Textures/T_Generic_N.uexp" 1116
"../../../Engine/Plugins/Interchange/Runtime/Content/gltf/MaterialFunctions/MF_Normals.uasset" 1117
"../../../Engine/Plugins/Interchange/Runtime/Content/gltf/MaterialFunctions/MF_Normals.uexp" 1118
"../../../Engine/Plugins/Interchange/Runtime/Content/gltf/MaterialBodies/MF_Transmission_Body.uasset" 1119
"../../../Engine/Plugins/Interchange/Runtime/Content/gltf/MaterialBodies/MF_Transmission_Body.uexp" 1120
"../../../Engine/Plugins/Interchange/Runtime/Content/gltf/M_Transmission.uasset" 1121
"../../../Engine/Plugins/Interchange/Runtime/Content/gltf/M_Transmission.uexp" 1122
"../../../Engine/Plugins/Interchange/Runtime/Content/gltf/MaterialInstances/MI_Transmission_DS.uasset" 1123
"../../../Engine/Plugins/Interchange/Runtime/Content/gltf/MaterialInstances/MI_Transmission_DS.uexp" 1124
"../../../Engine/Plugins/Interchange/Runtime/Content/gltf/MaterialInstances/MI_Transmission.uasset" 1125
"../../../Engine/Plugins/Interchange/Runtime/Content/gltf/MaterialInstances/MI_Transmission.uexp" 1126
"../../../Engine/Plugins/Interchange/Runtime/Content/gltf/MaterialFunctions/MF_DiffuseSpecGloss.uasset" 1127
"../../../Engine/Plugins/Interchange/Runtime/Content/gltf/MaterialFunctions/MF_DiffuseSpecGloss.uexp" 1128
"../../../Engine/Content/Functions/Engine_MaterialFunctions02/Math/AddComponents.uasset" 1129
"../../../Engine/Content/Functions/Engine_MaterialFunctions02/Math/AddComponents.uexp" 1130
"../../../Engine/Plugins/Interchange/Runtime/Content/gltf/MaterialFunctions/MF_PerceivedBrightness.uasset" 1131
"../../../Engine/Plugins/Interchange/Runtime/Content/gltf/MaterialFunctions/MF_PerceivedBrightness.uexp" 1132
"../../../Engine/Plugins/Interchange/Runtime/Content/gltf/MaterialFunctions/MF_Emissive.uasset" 1133
"../../../Engine/Plugins/Interchange/Runtime/Content/gltf/MaterialFunctions/MF_Emissive.uexp" 1134
"../../../Engine/Plugins/Interchange/Runtime/Content/gltf/MaterialFunctions/MF_SpecGlossToMetalRoughness.uasset" 1135
"../../../Engine/Plugins/Interchange/Runtime/Content/gltf/MaterialFunctions/MF_SpecGlossToMetalRoughness.uexp" 1136
"../../../Engine/Plugins/Interchange/Runtime/Content/gltf/MaterialBodies/MF_SpecularGlossiness_Body.uasset" 1137
"../../../Engine/Plugins/Interchange/Runtime/Content/gltf/MaterialBodies/MF_SpecularGlossiness_Body.uexp" 1138
"../../../Engine/Plugins/Interchange/Runtime/Content/gltf/M_SpecularGlossiness.uasset" 1139
"../../../Engine/Plugins/Interchange/Runtime/Content/gltf/M_SpecularGlossiness.uexp" 1140
"../../../Engine/Plugins/Interchange/Runtime/Content/gltf/MaterialInstances/MI_SpecularGlossiness_Opaque_DS.uasset" 1141
"../../../Engine/Plugins/Interchange/Runtime/Content/gltf/MaterialInstances/MI_SpecularGlossiness_Opaque_DS.uexp" 1142
"../../../Engine/Plugins/Interchange/Runtime/Content/gltf/MaterialInstances/MI_SpecularGlossiness_Opaque.uasset" 1143
"../../../Engine/Plugins/Interchange/Runtime/Content/gltf/MaterialInstances/MI_SpecularGlossiness_Opaque.uexp" 1144
"../../../Engine/Plugins/Interchange/Runtime/Content/gltf/MaterialInstances/MI_SpecularGlossiness_Mask_DS.uasset" 1145
"../../../Engine/Plugins/Interchange/Runtime/Content/gltf/MaterialInstances/MI_SpecularGlossiness_Mask_DS.uexp" 1146
"../../../Engine/Plugins/Interchange/Runtime/Content/gltf/MaterialInstances/MI_SpecularGlossiness_Mask.uasset" 1147
"../../../Engine/Plugins/Interchange/Runtime/Content/gltf/MaterialInstances/MI_SpecularGlossiness_Mask.uexp" 1148
"../../../Engine/Plugins/Interchange/Runtime/Content/gltf/MaterialInstances/MI_SpecularGlossiness_Blend_DS.uasset" 1149
"../../../Engine/Plugins/Interchange/Runtime/Content/gltf/MaterialInstances/MI_SpecularGlossiness_Blend_DS.uexp" 1150
"../../../Engine/Plugins/Interchange/Runtime/Content/gltf/MaterialInstances/MI_SpecularGlossiness_Blend.uasset" 1151
"../../../Engine/Plugins/Interchange/Runtime/Content/gltf/MaterialInstances/MI_SpecularGlossiness_Blend.uexp" 1152
"../../../Engine/Plugins/Interchange/Runtime/Content/gltf/MaterialFunctions/MF_Sheen.uasset" 1153
"../../../Engine/Plugins/Interchange/Runtime/Content/gltf/MaterialFunctions/MF_Sheen.uexp" 1154
"../../../Engine/Plugins/Interchange/Runtime/Content/gltf/MaterialBodies/MF_Sheen_Body.uasset" 1155
"../../../Engine/Plugins/Interchange/Runtime/Content/gltf/MaterialBodies/MF_Sheen_Body.uexp" 1156
"../../../Engine/Plugins/Interchange/Runtime/Content/gltf/M_Sheen.uasset" 1157
"../../../Engine/Plugins/Interchange/Runtime/Content/gltf/M_Sheen.uexp" 1158
"../../../Engine/Plugins/Interchange/Runtime/Content/gltf/MaterialInstances/MI_Sheen_Opaque_DS.uasset" 1159
"../../../Engine/Plugins/Interchange/Runtime/Content/gltf/MaterialInstances/MI_Sheen_Opaque_DS.uexp" 1160
"../../../Engine/Plugins/Interchange/Runtime/Content/gltf/MaterialInstances/MI_Sheen_Opaque.uasset" 1161
"../../../Engine/Plugins/Interchange/Runtime/Content/gltf/MaterialInstances/MI_Sheen_Opaque.uexp" 1162
"../../../Engine/Plugins/Interchange/Runtime/Content/gltf/MaterialInstances/MI_Sheen_Mask_DS.uasset" 1163
"../../../Engine/Plugins/Interchange/Runtime/Content/gltf/MaterialInstances/MI_Sheen_Mask_DS.uexp" 1164
"../../../Engine/Plugins/Interchange/Runtime/Content/gltf/MaterialInstances/MI_Sheen_Mask.uasset" 1165
"../../../Engine/Plugins/Interchange/Runtime/Content/gltf/MaterialInstances/MI_Sheen_Mask.uexp" 1166
"../../../Engine/Plugins/Interchange/Runtime/Content/gltf/MaterialInstances/MI_Sheen_Blend_DS.uasset" 1167
"../../../Engine/Plugins/Interchange/Runtime/Content/gltf/MaterialInstances/MI_Sheen_Blend_DS.uexp" 1168
"../../../Engine/Plugins/Interchange/Runtime/Content/gltf/MaterialInstances/MI_Sheen_Blend.uasset" 1169
"../../../Engine/Plugins/Interchange/Runtime/Content/gltf/MaterialInstances/MI_Sheen_Blend.uexp" 1170
"../../../Engine/Plugins/Interchange/Runtime/Content/gltf/MaterialBodies/MF_Default_Body.uasset" 1171
"../../../Engine/Plugins/Interchange/Runtime/Content/gltf/MaterialBodies/MF_Default_Body.uexp" 1172
"../../../Engine/Plugins/Interchange/Runtime/Content/gltf/M_Default.uasset" 1173
"../../../Engine/Plugins/Interchange/Runtime/Content/gltf/M_Default.uexp" 1174
"../../../Engine/Plugins/Interchange/Runtime/Content/gltf/MaterialInstances/MI_Default_Opaque_DS.uasset" 1175
"../../../Engine/Plugins/Interchange/Runtime/Content/gltf/MaterialInstances/MI_Default_Opaque_DS.uexp" 1176
"../../../Engine/Plugins/Interchange/Runtime/Content/gltf/MaterialInstances/MI_Default_Opaque.uasset" 1177
"../../../Engine/Plugins/Interchange/Runtime/Content/gltf/MaterialInstances/MI_Default_Opaque.uexp" 1178
"../../../Engine/Plugins/Interchange/Runtime/Content/gltf/MaterialInstances/MI_Default_Mask_DS.uasset" 1179
"../../../Engine/Plugins/Interchange/Runtime/Content/gltf/MaterialInstances/MI_Default_Mask_DS.uexp" 1180
"../../../Engine/Plugins/Interchange/Runtime/Content/gltf/MaterialInstances/MI_Default_Mask.uasset" 1181
"../../../Engine/Plugins/Interchange/Runtime/Content/gltf/MaterialInstances/MI_Default_Mask.uexp" 1182
"../../../Engine/Plugins/Interchange/Runtime/Content/gltf/MaterialInstances/MI_Default_Blend_DS.uasset" 1183
"../../../Engine/Plugins/Interchange/Runtime/Content/gltf/MaterialInstances/MI_Default_Blend_DS.uexp" 1184
"../../../Engine/Plugins/Interchange/Runtime/Content/gltf/MaterialInstances/MI_Default_Blend.uasset" 1185
"../../../Engine/Plugins/Interchange/Runtime/Content/gltf/MaterialInstances/MI_Default_Blend.uexp" 1186
"../../../Engine/Content/Functions/Engine_MaterialFunctions01/Texturing/FlattenNormal.uasset" 1187
"../../../Engine/Content/Functions/Engine_MaterialFunctions01/Texturing/FlattenNormal.uexp" 1188
"../../../Engine/Plugins/Interchange/Runtime/Content/gltf/MaterialFunctions/MF_Clearcoat.uasset" 1189
"../../../Engine/Plugins/Interchange/Runtime/Content/gltf/MaterialFunctions/MF_Clearcoat.uexp" 1190
"../../../Engine/Plugins/Interchange/Runtime/Content/gltf/MaterialBodies/MF_ClearCoat_Body.uasset" 1191
"../../../Engine/Plugins/Interchange/Runtime/Content/gltf/MaterialBodies/MF_ClearCoat_Body.uexp" 1192
"../../../Engine/Plugins/Interchange/Runtime/Content/gltf/M_ClearCoat.uasset" 1193
"../../../Engine/Plugins/Interchange/Runtime/Content/gltf/M_ClearCoat.uexp" 1194
"../../../Engine/Plugins/Interchange/Runtime/Content/gltf/MaterialInstances/MI_ClearCoat_Opaque_DS.uasset" 1195
"../../../Engine/Plugins/Interchange/Runtime/Content/gltf/MaterialInstances/MI_ClearCoat_Opaque_DS.uexp" 1196
"../../../Engine/Plugins/Interchange/Runtime/Content/gltf/MaterialInstances/MI_ClearCoat_Opaque.uasset" 1197
"../../../Engine/Plugins/Interchange/Runtime/Content/gltf/MaterialInstances/MI_ClearCoat_Opaque.uexp" 1198
"../../../Engine/Plugins/Interchange/Runtime/Content/gltf/MaterialInstances/MI_ClearCoat_Mask_DS.uasset" 1199
"../../../Engine/Plugins/Interchange/Runtime/Content/gltf/MaterialInstances/MI_ClearCoat_Mask_DS.uexp" 1200
"../../../Engine/Plugins/Interchange/Runtime/Content/gltf/MaterialInstances/MI_ClearCoat_Mask.uasset" 1201
"../../../Engine/Plugins/Interchange/Runtime/Content/gltf/MaterialInstances/MI_ClearCoat_Mask.uexp" 1202
"../../../Engine/Plugins/Interchange/Runtime/Content/gltf/MaterialInstances/MI_ClearCoat_Blend_DS.uasset" 1203
"../../../Engine/Plugins/Interchange/Runtime/Content/gltf/MaterialInstances/MI_ClearCoat_Blend_DS.uexp" 1204
"../../../Engine/Plugins/Interchange/Runtime/Content/gltf/MaterialInstances/MI_ClearCoat_Blend.uasset" 1205
"../../../Engine/Plugins/Interchange/Runtime/Content/gltf/MaterialInstances/MI_ClearCoat_Blend.uexp" 1206
"../../../Engine/Content/MobileResources/HUD/VirtualJoystick_Background.uasset" 1207
"../../../Engine/Content/MobileResources/HUD/VirtualJoystick_Background.uexp" 1208
"../../../Engine/Content/MobileResources/HUD/VirtualJoystick_Thumb.uasset" 1209
"../../../Engine/Content/MobileResources/HUD/VirtualJoystick_Thumb.uexp" 1210
"../../../Engine/Content/MobileResources/HUD/DefaultVirtualJoysticks.uasset" 1211
"../../../Engine/Content/MobileResources/HUD/DefaultVirtualJoysticks.uexp" 1212
"../../../Engine/Content/EngineSky/VolumetricClouds/CloudWeatherTexture.uasset" 1213
"../../../Engine/Content/EngineSky/VolumetricClouds/CloudWeatherTexture.uexp" 1214
"../../../Engine/Content/Functions/Engine_MaterialFunctions02/Utility/MakeFloat2.uasset" 1215
"../../../Engine/Content/Functions/Engine_MaterialFunctions02/Utility/MakeFloat2.uexp" 1216
"../../../Engine/Content/EngineSky/VolumetricClouds/CloudGradientTexture.uasset" 1217
"../../../Engine/Content/EngineSky/VolumetricClouds/CloudGradientTexture.uexp" 1218
"../../../Engine/Content/EngineSky/VolumetricClouds/T_NoiseShape64.ubulk" 1219
"../../../Engine/Content/EngineSky/VolumetricClouds/T_NoiseShape64.uasset" 1220
"../../../Engine/Content/EngineSky/VolumetricClouds/T_NoiseShape64.uexp" 1221
"../../../Engine/Content/EngineSky/VolumetricClouds/T_VolumeNoiseShape64.uasset" 1222
"../../../Engine/Content/EngineSky/VolumetricClouds/T_VolumeNoiseShape64.uexp" 1223
"../../../Engine/Content/EngineSky/VolumetricClouds/T_NoiseErosion.ubulk" 1224
"../../../Engine/Content/EngineSky/VolumetricClouds/T_NoiseErosion.uasset" 1225
"../../../Engine/Content/EngineSky/VolumetricClouds/T_NoiseErosion.uexp" 1226
"../../../Engine/Content/EngineSky/VolumetricClouds/T_VolumeNoiseErosion32.uasset" 1227
"../../../Engine/Content/EngineSky/VolumetricClouds/T_VolumeNoiseErosion32.uexp" 1228
"../../../Engine/Content/EngineSky/VolumetricClouds/m_SimpleVolumetricCloud.uasset" 1229
"../../../Engine/Content/EngineSky/VolumetricClouds/m_SimpleVolumetricCloud.uexp" 1230
"../../../Engine/Content/EngineSky/VolumetricClouds/m_SimpleVolumetricCloud_Inst.uasset" 1231
"../../../Engine/Content/EngineSky/VolumetricClouds/m_SimpleVolumetricCloud_Inst.uexp" 1232
"../../../Engine/Content/EngineResources/FilmGrains/Marcie_Grain_v3_128_M2_000.uasset" 1233
"../../../Engine/Content/EngineResources/FilmGrains/Marcie_Grain_v3_128_M2_000.uexp" 1234
"../../../Engine/Content/EditorResources/SequenceRecorder/RecordingIndicator.uasset" 1235
"../../../Engine/Content/EditorResources/SequenceRecorder/RecordingIndicator.uexp" 1236
"../../../Engine/Content/EditorResources/SequenceRecorder/Countdown.uasset" 1237
"../../../Engine/Content/EditorResources/SequenceRecorder/Countdown.uexp" 1238
"../../../Engine/Content/EditorMaterials/Dataflow/DataflowVertexMaterial.uasset" 1239
"../../../Engine/Content/EditorMaterials/Dataflow/DataflowVertexMaterial.uexp" 1240
"../../../Engine/Content/Functions/Engine_MaterialFunctions01/Shading/PowerToRoughness.uasset" 1241
"../../../Engine/Content/Functions/Engine_MaterialFunctions01/Shading/PowerToRoughness.uexp" 1242
"../../../Engine/Content/Functions/Engine_MaterialFunctions01/Shading/ConvertFromDiffSpec.uasset" 1243
"../../../Engine/Content/Functions/Engine_MaterialFunctions01/Shading/ConvertFromDiffSpec.uexp" 1244
"../../../Engine/Content/EngineMaterials/Substrate/Volume/SubstrateSimpleVolumeLUT3D.uasset" 1245
"../../../Engine/Content/EngineMaterials/Substrate/Volume/SubstrateSimpleVolumeLUT3D.uexp" 1246
"../../../Engine/Content/EngineMaterials/Substrate/Volume/SubstrateSimpleVolumeEnvLUT3D.uasset" 1247
"../../../Engine/Content/EngineMaterials/Substrate/Volume/SubstrateSimpleVolumeEnvLUT3D.uexp" 1248
"../../../Engine/Content/EngineMaterials/Substrate/GLints2/AGlintTex2dArray2.uasset" 1249
"../../../Engine/Content/EngineMaterials/Substrate/GLints2/AGlintTex2dArray2.uexp" 1250
"../../../Engine/Content/EngineMaterials/Substrate/GLints/AGlintTex2dArray.uasset" 1251
"../../../Engine/Content/EngineMaterials/Substrate/GLints/AGlintTex2dArray.uexp" 1252
"../../../Engine/Content/Maps/Entry_BuiltData.uasset" 1253
"../../../Engine/Content/Maps/Entry_BuiltData.uexp" 1254
"../../../Engine/Content/Maps/Entry.uexp" 1255
"../../../Engine/Content/Maps/Entry.umap" 1256
"C:/UnrealProjects/ShootingCPP/Content/BluePrints/BP_KillZone.uasset" 1257
"C:/UnrealProjects/ShootingCPP/Content/BluePrints/BP_KillZone.uexp" 1258
"../../../Engine/Content/BasicShapes/Cube.ubulk" 1259
"../../../Engine/Content/BasicShapes/Cube.uasset" 1260
"../../../Engine/Content/BasicShapes/Cube.uexp" 1261
"../../../Engine/Content/EditorMaterials/Cascade/CASC_ModuleDisable.uasset" 1262
"../../../Engine/Content/EditorMaterials/Cascade/CASC_ModuleDisable.uexp" 1263
"../../../Engine/Content/EditorMaterials/Cascade/CASC_ModuleDisable_MAT.uasset" 1264
"../../../Engine/Content/EditorMaterials/Cascade/CASC_ModuleDisable_MAT.uexp" 1265
"C:/UnrealProjects/ShootingCPP/Content/BluePrints/BP_EnemyActor.uasset" 1266
"C:/UnrealProjects/ShootingCPP/Content/BluePrints/BP_EnemyActor.uexp" 1267
"C:/UnrealProjects/ShootingCPP/Content/BluePrints/BP_EnemyFactory.uasset" 1268
"C:/UnrealProjects/ShootingCPP/Content/BluePrints/BP_EnemyFactory.uexp" 1269
"C:/UnrealProjects/ShootingCPP/Content/Ui/BP_MainWidget.uasset" 1270
"C:/UnrealProjects/ShootingCPP/Content/Ui/BP_MainWidget.uexp" 1271
"C:/UnrealProjects/ShootingCPP/Content/Inputs/IA_Horizontal.uasset" 1272
"C:/UnrealProjects/ShootingCPP/Content/Inputs/IA_Horizontal.uexp" 1273
"C:/UnrealProjects/ShootingCPP/Content/Inputs/IA_Fire.uasset" 1274
"C:/UnrealProjects/ShootingCPP/Content/Inputs/IA_Fire.uexp" 1275
"C:/UnrealProjects/ShootingCPP/Content/Inputs/IA_Vertical.uasset" 1276
"C:/UnrealProjects/ShootingCPP/Content/Inputs/IA_Vertical.uexp" 1277
"C:/UnrealProjects/ShootingCPP/Content/Inputs/IMC_PlayerInput.uasset" 1278
"C:/UnrealProjects/ShootingCPP/Content/Inputs/IMC_PlayerInput.uexp" 1279
"C:/UnrealProjects/ShootingCPP/Content/StarterContent/Textures/T_Burst_M.ubulk" 1280
"C:/UnrealProjects/ShootingCPP/Content/StarterContent/Textures/T_Burst_M.uasset" 1281
"C:/UnrealProjects/ShootingCPP/Content/StarterContent/Textures/T_Burst_M.uexp" 1282
"C:/UnrealProjects/ShootingCPP/Content/StarterContent/Particles/Materials/M_Burst.uasset" 1283
"C:/UnrealProjects/ShootingCPP/Content/StarterContent/Particles/Materials/M_Burst.uexp" 1284
"C:/UnrealProjects/ShootingCPP/Content/StarterContent/Particles/Materials/m_flare_01.uasset" 1285
"C:/UnrealProjects/ShootingCPP/Content/StarterContent/Particles/Materials/m_flare_01.uexp" 1286
"C:/UnrealProjects/ShootingCPP/Content/StarterContent/Textures/T_Explosion_SubUV.ubulk" 1287
"C:/UnrealProjects/ShootingCPP/Content/StarterContent/Textures/T_Explosion_SubUV.uasset" 1288
"C:/UnrealProjects/ShootingCPP/Content/StarterContent/Textures/T_Explosion_SubUV.uexp" 1289
"C:/UnrealProjects/ShootingCPP/Content/StarterContent/Particles/Materials/M_explosion_subUV.uasset" 1290
"C:/UnrealProjects/ShootingCPP/Content/StarterContent/Particles/Materials/M_explosion_subUV.uexp" 1291
"C:/UnrealProjects/ShootingCPP/Content/StarterContent/Particles/Materials/M_radial_ramp.uasset" 1292
"C:/UnrealProjects/ShootingCPP/Content/StarterContent/Particles/Materials/M_radial_ramp.uexp" 1293
"C:/UnrealProjects/ShootingCPP/Content/StarterContent/Particles/P_Explosion.uasset" 1294
"C:/UnrealProjects/ShootingCPP/Content/StarterContent/Particles/P_Explosion.uexp" 1295
"../../../Engine/Content/BasicShapes/BasicShapeMaterial.uasset" 1296
"../../../Engine/Content/BasicShapes/BasicShapeMaterial.uexp" 1297
"C:/UnrealProjects/ShootingCPP/Content/BluePrints/BP_Bullet.uasset" 1298
"C:/UnrealProjects/ShootingCPP/Content/BluePrints/BP_Bullet.uexp" 1299
"C:/UnrealProjects/ShootingCPP/Content/Audio/star-wars-blaster.ubulk" 1300
"C:/UnrealProjects/ShootingCPP/Content/Audio/star-wars-blaster.uasset" 1301
"C:/UnrealProjects/ShootingCPP/Content/Audio/star-wars-blaster.uexp" 1302
"C:/UnrealProjects/ShootingCPP/Content/BluePrints/BP_PlayerPawn.uasset" 1303
"C:/UnrealProjects/ShootingCPP/Content/BluePrints/BP_PlayerPawn.uexp" 1304
"C:/UnrealProjects/ShootingCPP/Content/Ui/BP_MenuWidget.uasset" 1305
"C:/UnrealProjects/ShootingCPP/Content/Ui/BP_MenuWidget.uexp" 1306
"C:/UnrealProjects/ShootingCPP/Content/BluePrints/BP_ShootingGameModeBa.uasset" 1307
"C:/UnrealProjects/ShootingCPP/Content/BluePrints/BP_ShootingGameModeBa.uexp" 1308
"C:/UnrealProjects/ShootingCPP/Content/Maps/ShootingMap.uexp" 1309
"C:/UnrealProjects/ShootingCPP/Content/Maps/ShootingMap.umap" 1310
